Parc,Sub-P,NumAr,x_rev,y,x,DAP,Prod.,Ambiente,copa,Observacao
1,5,183,200,40,-50,32,1,Baixio,co-dominante,outra parcela
1,2,402,50,56,-50,13.2,0,Transição,intermediaria,
2,3,56,100,64,-50,18,0,Terra Firme,intermediaria,
1,8,306,350,97,-50,21.7,0,Terra Firme,intermediaria,** suprimida pelo cípo
3,2,386,50,100,-50,10.3,0,Baixio,suprimida,
3,5,260,200,119,-50,31.9,1,Baixio,co-dominante,
2,3,68,100,132,-50,36,1,Terra Firme,co-dominante,
3,3,117,100,155,-50,13.4,0,Baixio,suprimida,
3,4,387,150,160,-50,33.7,1,Baixio,dominante,sub 1?
3,5,242,200,194,-50,47.3,1,Baixio,dominante,
1,7,286,300,200,-50,29,1,Baixio,intermediaria,*
4,3,55,100,221,-50,22.3,1,Terra Firme,intermediaria,suprimida por cípos
4,1,9,0,242,-50,20,0,Terra Firme,suprimida,
1,7,295,300,282,-50,12.3,0,Baixio,suprimida,*
2,4,88,150,324,-50,19.1,0,Terra Firme,intermediaria,
1,1,57,0,330,-50,37,1,Baixio,co-dominante,
2,7,267,300,345,-50,14.6,0,Terra Firme,intermediaria,
4,3,51,100,350,-50,19.8,0,Terra Firme,intermediaria,cípo
4,8,149,350,390,-50,10.6,0,Baixio,intermediaria,suprimida por cípos
1,7,274,301,3,-49,19.7,0,Baixio,intermediaria,*
3,6,276,251,6,-49,22.8,0,Baixio,co-dominante,
1,2,403,51,22,-49,11.9,0,Baixio,co-dominante,
2,6,185,251,64,-49,23.5,0,Terra Firme,intermediaria,suprimida por cípos
3,1,15,1,90,-49,21.8,1,Terra Firme,intermediaria,
1,7,277,301,95,-49,36.1,1,Baixio,co-dominante,*
3,3,128,101,117,-49,10.8,0,Baixio,suprimida,cípo
1,2,79,51,119,-49,34.4,1,Terra Firme,co-dominante,suprimida por cípo
1,7,280,301,150,-49,23.8,1,Baixio,suprimida,*
3,1 ou 2,383,351,160,-49,36.1,1,Transição,co-dominante,
2,6,176,251,184,-49,13,0,Terra Firme,intermediaria,
2,7,213,301,186,-49,31.8,1,Terra Firme,suprimida,cípo
2,5,172,201,193,-49,10.4,0,Terra Firme,intermediaria,
4,7,188,301,215,-49,11.6,0,Terra Firme,co-dominante,suprimida por cípos
3,2,72,51,250,-49,33.3,1,Baixio,dominante,cípo
2,8,246,351,281,-49,24.6,1,Terra Firme,suprimida,
2,4,93,151,300,-49,26.8,1,Terra Firme,intermediaria,suprimida por cípos
1,6,241,251,326,-49,17.2,0,Baixio,intermediaria,
3,5,226,201,335,-49,29.3,1,Baixio,intermediaria,
1,5,222,201,370,-49,34.6,1,Baixio,co-dominante,
2,3,77,101,377,-49,25.3,0,Terra Firme,intermediaria,suprimida por cípos
4,6,123,251,390,-49,20.4,1,Baixio,intermediaria,
1,6,231,251,390,-49,37,1,Baixio,co-dominante,
3,1,6,2,12,-48,20,0,Baixio,intermediaria,
3,2,51,52,40,-48,11.5,0,Baixio,intermediaria,cípo
3,3,390,102,105,-48,29.2,1,Baixio,co-dominante,
2,5,179,202,117,-48,12.4,0,Terra Firme,intermediaria,cípo
3,4,179,152,128,-48,20.8,0,Baixio,intermediaria,
2,4,103,152,145,-48,37.3,1,Terra Firme,co-dominante,
1,5,367,202,150,-48,12,0,Baixio,intermediaria,
1,5,366,202,150,-48,12.2,0,Baixio,intermediaria,
1,7,281,302,156,-48,35.2,1,Baixio,co-dominante,*
1,2,391,52,157,-48,29.5,1,Terra Firme,co-dominante,suprimida por cípo
3,3,116,102,171,-48,17.9,0,Baixio,intermediaria,
1,4,165,152,180,-48,19.2,0,Baixio,suprimida,
3,4,189,152,185,-48,16.4,0,Baixio,intermediaria,
3,1,24,2,195,-48,45.5,1,Baixio,co-dominante,
3,7,329,302,221,-48,15.5,0,Baixio,intermediaria,
3,8,361,352,227,-48,15.1,0,Baixio,co-dominante,suprimida por cípo
4,8,166,352,235,-48,10.5,0,Transição,intermediaria,40% luz
1,7,294,302,257,-48,21.3,1,Baixio,co-dominante,*
1,8,329,352,268,-48,28.8,1,Baixio,intermediaria,**
1,1,347,2,284,-48,37.8,1,Terra Firme,dominante,
3,7,312,302,297,-48,27.9,1,Terra Firme,intermediaria,
4,4,76,152,298,-48,42.8,1,Baixio,intermediaria,
4,8,154,352,310,-48,17.8,0,Baixio,co-dominante,30% luz
1,2,387,52,312,-48,39.5,0,Baixio,co-dominante,suprimida por cípo
3,7,311,302,328,-48,24.4,1,Terra Firme,co-dominante,
3,5,222,202,375,-48,17.1,0,Baixio,suprimida,
2,1,26,2,385,-48,17.5,0,Terra Firme,co-dominante,
3,1,392,2,385,-48,26.8,1,Terra Firme,intermediaria,
3,5,221,202,393,-48,43.6,1,Baixio,co-dominante,suprimida por cípo
1,4,176,153,1,-47,10,0,Baixio,intermediaria,
1,1,3,3,10,-47,37.9,1,Baixio,co-dominante,
3,3,150,103,50,-47,37.1,1,Baixio,co-dominante,
1,1,16,3,56,-47,49.8,1,Baixio,dominante,
2,7,205,303,72,-47,13.2,0,Terra Firme,suprimida,possibly 15.3em baixo do joelho/em cima do joelho
3,4,174,153,93,-47,30,1,Baixio,suprimida,quebrada
2,4,108,153,120,-47,29.7,0,Terra Firme,suprimida,
1,5,365,203,140,-47,10.4,0,Baixio,dominante,
4,3,58,103,140,-47,19,1,Terra Firme,intermediaria,
1,7,282,303,158,-47,16.5,0,Baixio,intermediaria,*
1,6,262,253,160,-47,18.8,0,Baixio,suprimida,
1,2,77,53,170,-47,22.2,1,Terra Firme,intermediaria,
1,3,121,103,177,-47,16,0,Baixio,suprimida,
3,6,292,253,178,-47,12.6,0,Baixio,dominante,ceu aberto
2,2,39,53,190,-47,20.5,1,Terra Firme,dominante,
1,7,287,303,203,-47,26.1,1,Baixio,intermediaria,*
1,5,209,203,220,-47,17.4,0,Baixio,suprimida,
3,5,238,203,220,-47,55,1,Baixio,dominante,
4,3,53,103,227,-47,45.8,1,Terra Firme,co-dominante,
1,3,133,103,247,-47,17.5,0,Baixio,co-dominante,
4,8,168,353,250,-47,27,1,Transição,co-dominante,
4,6,116,253,252,-47,17.1,0,Baixio,intermediaria,
4,8,158,353,297,-47,20.8,0,Baixio,co-dominante,40% luz
3,6,306,253,300,-47,12,0,Terra Firme,intermediaria,
3,2,85,53,318,-47,38,1,Baixio,co-dominante,suprimida por cípo
1,6,243,253,320,-47,21,1,Baixio,intermediaria,
4,4,77,153,324,-47,41.1,1,Baixio,intermediaria,
1,5,369,203,337,-47,56.4,1,Baixio,dominante,
4,7,141,303,350,-47,14.7,0,Baixio,intermediaria,20% luz
1,5,371,203,350,-47,14.8,0,Transição,intermediaria,
1,5,372,203,353,-47,12.7,0,Transição,intermediaria,
1,8,384,353,370,-47,32.7,1,Baixio,dominante,quebrada 
2,8,231,353,383,-47,16,0,Terra Firme,suprimida,
2,1,25,3,385,-47,11.3,0,Terra Firme,intermediaria,quebrada
4,7,148,303,390,-47,24.9,1,Baixio,co-dominante,cípo 
1,6,230,253,397,-47,41.2,1,Baixio,co-dominante,
1,6,417,253,398,-47,15.5,0,Baixio,intermediaria,
1,3,353,104,95,-46,26.2,1,Baixio,dominante,árvore 110?
3,3,129,104,118,-46,12.5,0,Baixio,suprimida,
3,3,127,104,132,-46,17,0,Baixio,suprimida,cípo
3,6,293,254,171,-46,10,0,Baixio,co-dominante,
4,2,24,54,200,-46,33.5,1,Terra Firme,co-dominante,
1,8,316,354,240,-46,20.1,1,Terra Firme,intermediaria,**
4,1,8,4,246,-46,27.5,1,Terra Firme,intermediaria,
2,5,142,204,286,-46,24.8,0,Terra Firme,intermediaria,
1,1,45,4,293,-46,27,1,Terra Firme,intermediaria,
1,1,44,4,296,-46,21.5,0,Terra Firme,dominante,
1,6,378,254,300,-46,22.9,0,Baixio,suprimida,
2,6,265,254,302,-46,40,1,Terra Firme,dominante,intermediaria por cípos
2,3,74,104,313,-46,22.4,1,Terra Firme,intermediaria,
4,2,40,54,324,-46,20.6,1,Terra Firme,suprimida,
3,2,86,54,330,-46,25.7,0,Baixio,co-dominante,
3,8,377,354,341,-46,22.4,0,Terra Firme,co-dominante,suprimida por cípo
2,2,49,55,15,-45,11.1,0,Terra Firme,suprimida,
2,2,48,55,20,-45,21.1,0,Terra Firme,intermediaria,andiroba?
4,8,180,355,25,-45,49.3,1,Terra Firme,co-dominante,
3,4,403,155,44,-45,11.5,0,Terra Firme,suprimida,
4,8,179,355,44,-45,17.2,0,Terra Firme,suprimida,
3,4,164,155,62,-45,37.2,1,Baixio,intermediaria,
3,7,344,305,66,-45,19.4,0,Terra Firme,suprimida,
3,1,13,5,80,-45,12.5,0,Baixio,suprimida,
2,3,60,105,95,-45,16.2,0,Terra Firme,suprimida,cípo
1,1,27,5,100,-45,10.5,0,Terra Firme,intermediaria,
1,2,395,55,100,-45,11.2,0,Terra Firme,suprimida,
1,2,394,55,102,-45,30.7,1,Terra Firme,co-dominante,
2,5,131,205,110,-45,22.5,1,Terra Firme,intermediaria,
1,3,114,105,120,-45,38,1,Baixio,co-dominante,
3,2,64,55,135,-45,17.9,0,Terra Firme,intermediaria,
2,4,109,155,135,-45,33.4,1,Terra Firme,intermediaria,
2,2,260,55,138,-45,40,1,Terra Firme,co-dominante,cípo
2,4,104,155,140,-45,20.6,1,Terra Firme,intermediaria,
2,4,101,155,168,-45,33.3,1,Terra Firme,suprimida,cípo
1,6,261,255,170,-45,34.5,1,Baixio,co-dominante,
1,4,164,155,170,-45,45,1,Baixio,co-dominante,
3,3,115,105,171,-45,22.3,1,Baixio,co-dominante,
2,4,100,155,178,-45,10.4,0,Terra Firme,intermediaria,cípo
4,8,173,355,180,-45,15.9,0,Terra Firme,intermediaria,
"1,1,33,5,180,-45,26.2,0,Terra Firme,intermediaria,""foi co-dominante, quebrada agora intermediaria"""
4,3,54,105,180,-45,33.5,1,Terra Firme,co-dominante,
3,7,328,305,225,-45,23.6,0,Baixio,co-dominante,suprimida por cípo
3,1,25,5,225,-45,25.3,1,Baixio,dominante,beira do igarape
1,5,210,205,230,-45,25.7,1,Baixio,co-dominante,
1,3,132,105,235,-45,13,0,Baixio,intermediaria,
1,1,36,5,235,-45,32,1,Terra Firme,co-dominante,com cípo 
1,5,211,205,240,-45,17.4,0,Baixio,suprimida,
3,7,321,305,240,-45,29.2,1,Baixio,co-dominante,
2,3,96,105,240,-45,57,1,Baixio,co-dominante,cípo
4,6,115,255,245,-45,12.1,0,Baixio,co-dominante,
1,3,134,105,250,-45,23.3,1,Baixio,co-dominante,
"3,6,302,255,250,-45,32.2,1,Transição,co-dominante,""tronco enchado, suprimida por cípo"""
3,7,411,305,252,-45,27.1,1,Transição,intermediaria,
1,8,318,355,253,-45,14.1,0,Baixio,intermediaria,**
2,5,139,205,254,-45,37.2,1,Terra Firme,intermediaria,
1,3,139,105,268,-45,25,1,Baixio,suprimida,
1,3,138,105,268,-45,56,1,Baixio,co-dominante,suprimida por cípo
3,2,73,55,270,-45,34.3,1,Baixio,co-dominante,
4,5,101,205,295,-45,14.2,0,Terra Firme,suprimida,
1,6,252,255,300,-45,60.2,1,Baixio,co-dominante,
1,5,215,205,300,-45,61,1,Baixio,dominante,
2,4,89,155,310,-45,38,1,Terra Firme,co-dominante,
1,3,357,105,310,-45,39.3,1,Transição,co-dominante,
3,1,40,5,320,-45,32.8,1,Baixio,co-dominante,suprimida por cípo
1,6,242,255,325,-45,12.5,0,Baixio,intermediaria,
2,7,222,305,327,-45,32.8,1,Baixio,intermediaria,
2,6,156,255,333,-45,11.2,0,Terra Firme,suprimida,
3,4,212,155,337,-45,18.1,0,Baixio,intermediaria,cípo
4,3,52,105,345,-45,17.9,0,Transição,suprimida,
1,3,356,105,345,-45,28.4,1,Terra Firme,co-dominante,
1,5,370,205,347,-45,41.8,1,Transição,co-dominante,
4,7,140,305,350,-45,14.5,0,Baixio,suprimida,
4,7,144,305,350,-45,38.8,1,Baixio,co-dominante,
1,2,63,55,350,-45,42,1,Baixio,co-dominante,
2,7,230,305,356,-45,29.5,1,Baixio,intermediaria,
2,8,232,355,361,-45,29,1,Terra Firme,intermediaria,
"2,4,85,155,363,-45,24.3,0,Terra Firme,co-dominante,""copa quebrada, rebrotando"""
1,6,234,255,365,-45,50,1,Baixio,co-dominante,alta
2,6,154,255,367,-45,16.5,0,Transição,intermediaria,
1,5,223,205,380,-45,10.5,0,Baixio,suprimida,
1,4,147,155,380,-45,17,0,Baixio,co-dominante,intermediaria por cípo
3,5,220,205,383,-45,15.6,0,Baixio,suprimida,
3,1,46,5,395,-45,11.4,0,Terra Firme,suprimida,
2,4,81,155,399,-45,15.2,0,Terra Firme,intermediaria,
1,8,298,356,45,-44,15.9,0,Terra Firme,intermediaria,** cípo dominante
3,2,56,56,50,-44,11.1,0,Baixio,suprimida,
3,4,163,156,50,-44,18.6,0,Terra Firme,intermediaria,
4,8,177,356,50,-44,25.6,1,Terra Firme,co-dominante,
1,6,419,256,93,-44,25.2,1,Baixio,co-dominante,suprimida por cípo
3,5,259,206,138,-44,13.6,0,Transição,intermediaria,
3,4,188,156,176,-44,28.1,1,Baixio,co-dominante,
3,4,190,156,188,-44,17.6,0,Baixio,co-dominante,
2,6,171,256,198,-44,20.3,0,Terra Firme,intermediaria,
3,5,239,206,203,-44,17.6,0,Baixio,intermediaria,
1,2,71,56,215,-44,41,1,Terra Firme,co-dominante,
3,7,322,306,248,-44,23.7,0,Baixio,intermediaria,
4,2,35,56,253,-44,34.4,1,Terra Firme,co-dominante,
2,3,70,106,254,-44,31.5,1,Terra Firme,co-dominante,cípo
4,8,162,356,260,-44,23,1,Transição,co-dominante,
4,4,68,156,270,-44,13.7,0,Terra Firme,intermediaria,cípo
3,4,200,156,288,-44,10,0,Baixio,suprimida,
3,8,375,356,326,-44,12.3,0,Terra Firme,intermediaria,
2,8,240,356,330,-44,12.8,0,Terra Firme,intermediaria,
3,8,376,356,338,-44,11.9,0,Terra Firme,suprimida,
3,4,214,156,375,-44,15.5,0,Baixio,suprimida,
1,8,383,356,394,-44,27.8,1,Terra Firme,intermediaria,co-dominante ?
3,3,159,107,1,-43,11.5,0,Baixio,suprimida,
3,3,158,107,19,-43,27.6,1,Baixio,co-dominante,suprimida por cípo
3,3,156,107,28,-43,24.5,0,Baixio,co-dominante,suprimida por cípo
3,3,157,107,36,-43,11.1,0,Baixio,suprimida,
3,7,405,307,55,-43,18.7,0,Transição,intermediaria,suprimida por cípo
1,8,301,357,64,-43,33.8,1,Terra Firme,dominante,**
1,2,396,57,95,-43,12.2,0,Terra Firme,intermediaria,
3,6,287,257,96,-43,12.8,0,Baixio,intermediaria,
1,1,24,7,106,-43,10,0,Terra Firme,intermediaria,
4,3,59,107,108,-43,29.2,1,Terra Firme,intermediaria,
1,7,278,307,118,-43,13.3,0,Baixio,intermediaria,*
3,6,304,257,250,-43,21.5,0,Terra Firme,intermediaria,medido em cima
1,1,38,7,255,-43,56.5,1,Terra Firme,co-dominante,quebrou em cima
4,2,36,57,260,-43,24.7,1,Terra Firme,co-dominante,
3,4,199,157,264,-43,15.5,0,Baixio,suprimida,
3,3,100,107,275,-43,11.8,0,Baixio,suprimida,
3,2,77,57,300,-43,18.1,1,Baixio,intermediaria,ilha
1,1,47,7,315,-43,13.2,0,Baixio,suprimida,
3,6,286,258,94,-42,13.2,0,Baixio,suprimida,
1,6,418,258,97,-42,20.5,1,Baixio,co-dominante,
1,6,266,258,100,-42,15.2,0,Baixio,suprimida,
3,5,263,208,106,-42,19.7,0,Baixio,intermediaria,
1,1,405,8,112,-42,12.8,0,Baixio,intermediaria,
3,7,336,308,210,-42,40.6,1,Baixio,co-dominante,
3,5,233,208,253,-42,37.7,1,Transição,co-dominante,
2,7,221,308,315,-42,28.2,1,Baixio,intermediaria,cípo
2,8,241,358,320,-42,18.5,0,Terra Firme,co-dominante,
2,4,86,158,350,-42,40.5,1,Terra Firme,co-dominante,intermediaria por cípos
2,3,262,109,85,-41,23.4,0,Terra Firme,suprimida,andiroba? Não é amarga
2,3,71,109,287,-41,16.4,0,Terra Firme,intermediaria,
2,1,1,10,2,-40,26.7,1,Terra Firme,co-dominante,
3,1 ou 2,381,360,5,-40,14.5,0,Terra Firme,suprimida,
1,5,180,210,5,-40,38.1,1,Baixio,co-dominante,
3,1,7,10,10,-40,28.3,0,Baixio,dominante,quebrada e rebrotando
2,2,50,60,10,-40,31,1,Terra Firme,dominante,
1,4,363,160,12,-40,11.8,0,Baixio,suprimida,
3,1,8,10,25,-40,31,1,Baixio,co-dominante,suprimida por cípo
3,6,279,260,30,-40,23.6,1,Terra Firme,co-dominante,
"1,3,103,110,40,-40,17.1,0,Baixio,suprimida,""A352,cípo"""
3,5,269,210,47,-40,18,0,Baixio,suprimida,
1,3,102,110,50,-40,20,0,Baixio,intermediaria,
3,6,281,260,63,-40,15.4,0,Terra Firme,suprimida,
3,3,144,110,70,-40,21,1,Baixio,intermediaria,
2,4,113,160,75,-40,28.9,1,Terra Firme,co-dominante,
3,1,12,10,80,-40,44.4,1,Baixio,intermediaria,produziu muito o ano passado
2,4,112,160,85,-40,51.7,1,Terra Firme,co-dominante,
1,3,104,110,90,-40,14.7,0,Baixio,intermediaria,
1,7,276,310,90,-40,54.6,1,Baixio,co-dominante,*
2,2,43,60,95,-40,15.4,0,Terra Firme,intermediaria,suprimida por cípo
1,3,109,110,95,-40,19,0,Baixio,co-dominante,suprimida por cípo
1,3,110,110,95,-40,29,1,Baixio,dominante,árvore 353? 
1,1,23,10,100,-40,10.7,0,Terra Firme,suprimida,
1,6,265,260,100,-40,16.2,0,Baixio,co-dominante,
1,6,264,260,100,-40,18,0,Baixio,co-dominante,
1,5,193,210,100,-40,18.5,0,Baixio,intermediaria,suprimida por cípo
1,1,26,10,107,-40,15.9,0,Terra Firme,intermediaria,
1,5,364,210,115,-40,26.3,1,Baixio,intermediaria,
1,1,28,10,117,-40,23.6,1,Terra Firme,intermediaria,
1,5,192,210,120,-40,53.8,1,Baixio,dominante,
2,7,208,310,130,-40,19.3,0,Terra Firme,intermediaria,
2,2,40,60,130,-40,22.4,1,Terra Firme,co-dominante,
3,3,126,110,133,-40,10.6,0,Baixio,suprimida,
3,3,389,110,140,-40,14,0,Baixio,intermediaria,
2,2,41,60,140,-40,26.3,1,Terra Firme,co-dominante,quase dominante
2,4,102,160,150,-40,11.8,0,Terra Firme,intermediaria,
3,1,17,10,150,-40,45.5,1,Terra Firme,co-dominante,
1,6,260,260,170,-40,12.8,0,Baixio,suprimida,
1,1,39,10,170,-40,24.2,1,Terra Firme,suprimida,
1,2,76,60,173,-40,16.4,0,Terra Firme,intermediaria,
1,8,307,360,180,-40,12.8,0,Terra Firme,intermediaria,**
1,5,207,210,180,-40,39.5,1,Baixio,co-dominante,
3,7,330,310,214,-40,33.1,1,Baixio,co-dominante,suprimida por cípo
4,2,28,60,215,-40,17.7,0,Terra Firme,intermediaria,
4,2,29,60,220,-40,15.9,0,Terra Firme,suprimida,
4,6,111,260,220,-40,17.4,0,Terra Firme,suprimida,
"4,7,132,310,220,-40,24.9,1,Terra Firme,intermediaria,""cípo, quase co-dominante"""
4,2,30,60,225,-40,19.8,1,Terra Firme,intermediaria,
4,6,112,260,230,-40,14.2,0,Transição,intermediaria,
1,4,158,160,230,-40,19,1,Baixio,co-dominante,suprimida por cípo
2,8,253,360,230,-40,24.2,1,Baixio,co-dominante,suprimida pelo cípo
3,2,71,60,240,-40,10.6,0,Baixio,intermediaria,
1,5,212,210,240,-40,14.7,0,Baixio,suprimida,
2,6,167,260,240,-40,37.3,1,Terra Firme,co-dominante,
4,8,170,360,250,-40,22.8,1,Transição,intermediaria,30% luz
4,2,32,60,250,-40,41.2,1,Terra Firme,co-dominante,
1,8,320,360,253,-40,12.4,0,Baixio,suprimida,**
4,2,34,60,253,-40,32.8,1,Terra Firme,co-dominante,
2,2,35,60,255,-40,17.9,0,Terra Firme,intermediaria,
3,8,370,360,259,-40,11.6,0,Terra Firme,intermediaria,suprimida por cípo
3,4,399,160,260,-40,14.6,0,Baixio,intermediaria,
3,1,32,10,260,-40,17.5,0,Baixio,suprimida,
4,4,61,160,260,-40,19.3,1,Terra Firme,intermediaria,
4,8,160,360,260,-40,22.8,1,Transição,co-dominante,50% luz
3,1,31,10,260,-40,35.9,1,Baixio,co-dominante,suprimida por cípo
1,6,377,260,265,-40,19,0,Baixio,suprimida,
2,5,138,210,265,-40,38.5,1,Terra Firme,intermediaria,
1,8,328,360,270,-40,28,1,Baixio,co-dominante,**
2,1,12,10,270,-40,33.1,1,Terra Firme,co-dominante,
2,7,217,310,275,-40,38,1,Baixio,co-dominante,intermediaria por cípos
2,5,141,210,284,-40,23.5,1,Terra Firme,intermediaria,cípo
1,2,66,60,285,-40,23,0,Baixio,intermediaria,
1,3,137,110,285,-40,24.9,1,Baixio,intermediaria,
1,8,385,360,290,-40,21,0,Terra Firme,intermediaria,
2,5,143,210,300,-40,15.8,0,Terra Firme,suprimida,
4,4,75,160,300,-40,26,1,Baixio,intermediaria,
4,4,69,160,305,-40,11,0,Terra Firme,suprimida,
1,1,46,10,305,-40,13.2,0,Baixio,intermediaria,
1,3,358,110,310,-40,12,0,Transição,suprimida,
1,1,49,10,310,-40,22,1,Terra Firme,co-dominante,
1,8,331,360,310,-40,39.5,1,Baixio,co-dominante,** cípo
1,1,48,10,315,-40,12,0,Baixio,suprimida,
2,6,158,260,320,-40,23.6,0,Terra Firme,co-dominante,
4,5,97,210,320,-40,47.8,1,Terra Firme,co-dominante,cípo
1,4,154,160,320,-40,48,1,Baixio,co-dominante,suprimida por cípo
3,4,205,160,325,-40,23.7,1,Baixio,intermediaria,
4,4,78,160,325,-40,36.5,1,Baixio,co-dominante,
1,6,239,260,338,-40,17.5,0,Baixio,suprimida,
1,6,240,260,338,-40,35.5,1,Baixio,intermediaria,
1,1,56,10,340,-40,13.7,0,Baixio,intermediaria,
4,7,138,310,340,-40,36,1,Baixio,intermediaria,
1,2,61,60,345,-40,34.5,1,Baixio,co-dominante,
2,8,239,360,350,-40,11.8,0,Terra Firme,intermediaria,
"4,4,85,160,350,-40,18.1,0,Transição,suprimida,""não tem copa, rebrotando, quebrada"""
2,5,148,210,350,-40,23.6,1,Terra Firme,intermediaria,
1,2,62,60,350,-40,29,1,Baixio,co-dominante,
3,4,213,160,355,-40,26.8,1,Baixio,intermediaria,
1,3,142,110,360,-40,11.1,0,Baixio,suprimida,
1,3,141,110,360,-40,15,0,Baixio,intermediaria,
4,5,89,210,360,-40,20.8,0,Baixio,intermediaria,suprimida por cípos
3,3,95,110,365,-40,17.6,0,Baixio,suprimida,
1,6,235,260,365,-40,46.7,1,Baixio,co-dominante,
4,6,122,260,370,-40,45,1,Baixio,dominante,
1,6,374,260,371,-40,17.3,0,Baixio,suprimida,
2,1,23,10,375,-40,26.5,0,Terra Firme,suprimida,
1,6,238,260,375,-40,29.3,1,Baixio,intermediaria,
1,5,221,210,380,-40,17.2,0,Baixio,intermediaria,
1,6,233,260,380,-40,33.8,1,Baixio,dominante,
4,2,48,60,390,-40,23.3,1,Terra Firme,intermediaria,
1,6,232,260,390,-40,44,1,Baixio,co-dominante,
4,1,17,10,395,-40,12.1,1,Terra Firme,intermediaria,
4,6,124,260,397,-40,51,1,Baixio,dominante,
4,5,87,210,398,-40,12.3,0,Transição,suprimida,cípo
2,3,72,111,290,-39,22.8,0,Terra Firme,intermediaria,cípo
2,3,78,111,397,-39,13.2,0,Terra Firme,intermediaria,
3,4,160,162,20,-38,23.7,1,Terra Firme,co-dominante,
2,8,257,362,50,-38,17.5,0,Terra Firme,suprimida,
1,2,397,62,95,-38,18.3,0,Terra Firme,co-dominante,
1,1,25,12,107,-38,10.8,0,Baixio,suprimida,
2,7,273,312,110,-38,19.7,0,Terra Firme,suprimida,
3,3,131,112,119,-38,30,1,Baixio,co-dominante,
3,5,261,212,121,-38,42.7,1,Baixio,co-dominante,
"3,8,555,362,182,-38,30.5,1,Baixio,co-dominante,""deve ser 355, suprimida por cípo"""
4,8,190,362,200,-38,12,0,Terra Firme,intermediaria,
3,7,331,312,200,-38,14,0,Baixio,suprimida,
3,7,327,312,230,-38,15,0,Baixio,intermediaria,cípo
3,3,101,112,278,-38,22.9,1,Baixio,intermediaria,
2,4,94,162,290,-38,32.2,1,Terra Firme,co-dominante,
3,7,313,312,296,-38,25.2,0,Terra Firme,intermediaria,
1,8,343,362,350,-38,22.3,0,Baixio,suprimida,**
2,8,233,362,360,-38,10.8,0,Terra Firme,intermediaria,
2,8,276,363,172,-37,20.7,1,Terra Firme,intermediaria,suprimida por cípos
2,6,161,263,269,-37,45.9,1,Terra Firme,dominante,
3,2,76,63,285,-37,23.5,1,Baixio,co-dominante,ilha
"2,1,22,14,375,-36,21.4,0,Terra Firme,suprimida,""rebrotando, quebrado"""
1,7,273,315,9,-35,28.8,1,Baixio,co-dominante,*
1,1,4,15,25,-35,11.5,0,Baixio,suprimida,
2,8,258,365,35,-35,16.4,0,Terra Firme,suprimida,
1,5,185,215,50,-35,25.3,1,Baixio,co-dominante,
3,6,280,265,50,-35,34.5,1,Terra Firme,co-dominante,medida em cima das sapopemas/suprimida por cípo
1,2,399,65,60,-35,11.4,0,Transição,intermediaria,suprimida por cípo
3,5,268,215,68,-35,44.1,1,Baixio,co-dominante,cípo
2,3,59,115,85,-35,18.7,0,Terra Firme,suprimida,medida em cima da parte enchada/cípo
3,4,173,165,94,-35,35.1,1,Baixio,co-dominante,medido em cima das sapopemas
3,8,347,365,107,-35,39.6,1,Terra Firme,dominante,
3,8,348,365,112,-35,14.9,0,Terra Firme,intermediaria,cípo
3,5,262,215,115,-35,19.3,0,Baixio,co-dominante,
1,1,22,15,115,-35,20.6,0,Terra Firme,suprimida,
2,3,67,115,125,-35,33.3,1,Terra Firme,co-dominante,
4,3,57,115,130,-35,15,0,Terra Firme,suprimida,
2,8,256,365,130,-35,21.7,1,Terra Firme,suprimida,
4,3,56,115,150,-35,34.7,1,Terra Firme,dominante,
3,5,254,215,165,-35,44.2,1,Baixio,co-dominante,suprimida por cípo
3,8,354,365,168,-35,30.3,1,Transição,co-dominante,suprimida por cípo
2,8,255,365,175,-35,16.4,0,Terra Firme,intermediaria,
2,6,175,265,180,-35,39.3,1,Terra Firme,dominante,intermediaria por cípos
3,7,337,315,183,-35,39.5,1,Baixio,co-dominante,
1,3,122,115,184,-35,34.2,1,Terra Firme,co-dominante,
3,5,243,215,189,-35,10.6,0,Baixio,suprimida,
1,2,75,65,195,-35,13.2,0,Terra Firme,intermediaria,luz direto mas baixinho
1,2,390,65,200,-35,11.4,0,Terra Firme,intermediaria,
1,1,34,15,200,-35,23.8,1,Terra Firme,co-dominante,
3,1,23,15,200,-35,48,1,Baixio,co-dominante,
1,4,411,165,210,-35,19.4,1,Baixio,co-dominante,suprimida por cípo
1,4,375,165,210,-35,20.8,0,Baixio,intermediaria,
3,8,360,365,210,-35,26.8,1,Baixio,intermediaria,
3,7,326,315,215,-35,38.3,1,Baixio,co-dominante,
"3,3,109,115,220,-35,14.7,0,Baixio,suprimida,""cipo deixo tronco, deformado"""
1,3,125,115,222,-35,39.5,1,Baixio,dominante,suprimida por cípo
1,8,315,365,225,-35,45,1,Terra Firme,dominante,** cípo
1,4,159,165,230,-35,12,0,Baixio,intermediaria,
1,3,126,115,230,-35,27.3,1,Baixio,intermediaria,
4,6,113,265,235,-35,13.4,0,Transição,intermediaria,
3,3,108,115,239,-35,26.8,1,Baixio,intermediaria,
4,6,114,265,240,-35,11.5,0,Transição,suprimida,
1,5,213,215,240,-35,29.7,1,Baixio,co-dominante,
3,3,107,115,240,-35,33.9,1,Baixio,co-dominante,medido em cima
"3,7,323,315,248,-35,29.7,1,Baixio,intermediaria,""quase co-dominante, cípo"""
3,1,27,15,255,-35,20.5,0,Baixio,co-dominante,
2,5,140,215,260,-35,11.9,0,Terra Firme,suprimida,
3,1,29,15,260,-35,19.7,0,Baixio,intermediaria,
4,4,64,165,264,-35,14.4,0,Terra Firme,intermediaria,
4,4,65,165,265,-35,18.5,0,Terra Firme,suprimida,
1,5,416,215,265,-35,18.7,0,Baixio,intermediaria,
3,7,319,315,274,-35,15.1,0,Terra Firme,intermediaria,
2,7,218,315,275,-35,38,1,Baixio,intermediaria,suprimida por cípos
4,1,10,15,280,-35,36.1,1,Terra Firme,intermediaria,
3,6,305,265,281,-35,15.3,0,Terra Firme,intermediaria,
4,5,183,215,290,-35,18.2,0,Terra Firme,intermediaria,
4,1,13,15,302,-35,22.3,0,Terra Firme,intermediaria,
2,5,144,215,306,-35,13.4,0,Terra Firme,suprimida,cípo
4,4,79,165,325,-35,26.6,1,Transição,intermediaria,
4,4,80,165,327,-35,16.7,0,Transição,intermediaria,
3,4,206,165,328,-35,41.5,1,Baixio,co-dominante,
3,4,207,165,332,-35,33.6,1,Baixio,co-dominante,
1,1,55,15,335,-35,15.2,0,Baixio,intermediaria,
1,8,335,365,340,-35,20.3,0,Baixio,intermediaria,**
3,3,391,115,340,-35,24.2,0,Baixio,intermediaria,atravessa a igarape
3,3,94,115,340,-35,24.4,1,Baixio,suprimida,rebrotando
2,3,75,115,345,-35,43.6,1,Terra Firme,dominante,
4,4,84,165,350,-35,17,0,Transição,intermediaria,
1,1,350,15,350,-35,23.7,1,Terra Firme,co-dominante,
4,6,121,265,350,-35,39.8,1,Baixio,co-dominante,
1,5,373,215,353,-35,11.1,0,Baixio,suprimida,
1,1,58,15,365,-35,11,0,Baixio,suprimida,
1,1,59,15,365,-35,11.8,0,Baixio,intermediaria,
1,6,236,265,365,-35,22.4,0,Baixio,intermediaria,
1,6,237,265,368,-35,36,1,Baixio,co-dominante,
1,8,334,365,370,-35,12.1,1,Baixio,suprimida,**
2,2,31,65,370,-35,18.8,0,Terra Firme,intermediaria,
2,4,84,165,373,-35,30.3,1,Terra Firme,intermediaria,
2,1,24,15,385,-35,19.3,0,Terra Firme,intermediaria,
1,2,60,65,395,-35,33.5,1,Terra Firme,co-dominante,
3,2,50,66,0,-34,18.4,0,Transição,co-dominante,
3,5,244,216,187,-34,20.7,0,Baixio,co-dominante,
3,4,204,166,295,-34,39.3,1,Baixio,co-dominante,
3,4,208,166,331,-34,14.2,0,Baixio,suprimida,
1,8,342,366,362,-34,13.1,0,Baixio,suprimida,**
3,5,245,217,182,-33,18.4,0,Baixio,intermediaria,cípo
3,2,48,68,25,-32,34.4,1,Terra Firme,dominante,
2,3,55,118,60,-32,12.1,0,Terra Firme,suprimida,
1,2,70,68,217,-32,50,1,Terra Firme,co-dominante,
3,7,314,318,291,-32,18.6,0,Terra Firme,intermediaria,
3,2,84,68,331,-32,34.8,1,Baixio,intermediaria,ilha
3,2,83,68,341,-32,18.7,0,Baixio,intermediaria,ilha
1,5,179,220,5,-30,15.5,0,Baixio,intermediaria,
"3,1,5,20,5,-30,31,1,Transição,dominante,""perto do igarape, suprimida por cípo"""
3,5,275,220,25,-30,13.2,0,Baixio,suprimida,
1,1,5,20,35,-30,23,1,Baixio,intermediaria,
1,3,96,120,35,-30,43,1,Baixio,co-dominante,
1,1,7,20,45,-30,23.7,0,Baixio,suprimida,
1,6,267,270,70,-30,53,1,Baixio,co-dominante,
3,1,11,20,70,-30,57.2,1,Baixio,co-dominante,
"3,6,285,270,85,-30,13.5,0,Baixio,intermediaria,""cupim em cima, rebrotando"""
1,8,304,370,86,-30,32.6,1,Terra Firme,co-dominante,**
3,6,289,270,88,-30,14.3,0,Baixio,intermediaria,suprimida por cípo
1,3,108,120,90,-30,22,0,Baixio,suprimida,
"1,8,305,370,90,-30,32.4,1,Terra Firme,co-dominante,""** suprimida por cípo, não produziu este ano"""
1,6,420,270,100,-30,24.2,1,Baixio,co-dominante,
1,2,398,70,105,-30,12.4,0,Terra Firme,co-dominante,
3,4,177,170,105,-30,27.4,1,Baixio,intermediaria,
2,7,206,320,107,-30,15.1,0,Terra Firme,intermediaria,
3,5,264,220,120,-30,12.7,0,Transição,suprimida,
1,3,113,120,120,-30,57,1,Baixio,dominante,
1,3,112,120,125,-30,29.8,1,Baixio,co-dominante,suprimida por cípo
3,4,178,170,125,-30,30.7,1,Baixio,co-dominante,cípo
2,1,268,20,130,-30,20.5,0,Terra Firme,suprimida,quebrada
3,7,339,320,135,-30,15.8,0,Terra Firme,intermediaria,quase co-dominante
1,2,78,70,137,-30,38,1,Terra Firme,co-dominante,suprimida por cípo
3,6,291,270,148,-30,12.6,0,Terra Firme,suprimida,
2,4,105,170,150,-30,12.9,0,Terra Firme,co-dominante,
1,4,166,170,160,-30,21,0,Baixio,intermediaria,
1,5,204,220,160,-30,62.5,1,Baixio,dominante,emergente
1,6,259,270,170,-30,36.1,1,Baixio,co-dominante,quase dominante
2,3,69,120,175,-30,17.2,0,Terra Firme,suprimida,
4,2,23,70,180,-30,12,0,Terra Firme,intermediaria,
2,8,254,370,180,-30,17.3,0,Terra Firme,suprimida,cípo
3,8,356,370,190,-30,15.4,0,Baixio,intermediaria,
2,6,168,270,205,-30,23.1,0,Terra Firme,intermediaria,
3,6,298,270,206,-30,13.1,0,Baixio,intermediaria,
3,7,325,320,218,-30,23.1,0,Baixio,intermediaria,
4,1,2,20,219,-30,11.8,0,Terra Firme,suprimida,
1,4,410,170,220,-30,22.4,1,Baixio,co-dominante,suprimida por cípo
2,5,135,220,230,-30,24.6,1,Terra Firme,intermediaria,
3,2,68,70,230,-30,42.6,1,Baixio,dominante,
3,2,69,70,235,-30,28.3,1,Baixio,co-dominante,
1,3,127,120,235,-30,31.5,1,Baixio,intermediaria,suprimida por cípo
3,8,369,370,235,-30,33,1,Baixio,co-dominante,suprimida por cípo
3,8,362,370,235,-30,37.9,1,Baixio,dominante,suprimida por cípo
3,2,70,70,238,-30,14.1,0,Baixio,intermediaria,
1,3,131,120,245,-30,40.7,1,Baixio,dominante,
3,4,198,170,248,-30,27.1,1,Baixio,co-dominante,dentro da grota
3,1,26,20,250,-30,18.4,1,Baixio,intermediaria,
3,2,395,70,255,-30,13.4,0,Baixio,intermediaria,
3,1,28,20,260,-30,14.5,0,Baixio,intermediaria,
1,4,423,170,260,-30,14.5,0,Baixio,intermediaria,suprimida por cípo
1,8,322,370,260,-30,15.8,0,Baixio,intermediaria,** suprimida por cípo
3,1,394,20,260,-30,16.2,0,Baixio,intermediaria,
2,8,248,370,260,-30,21.7,1,Baixio,co-dominante,não inundada
1,8,326,370,265,-30,26,1,Baixio,co-dominante,**
2,6,162,270,265,-30,26.3,1,Terra Firme,co-dominante,
1,8,321,370,265,-30,28.5,0,Baixio,intermediaria,**
2,6,272,270,268,-30,11.4,0,Terra Firme,intermediaria,
3,1,30,20,270,-30,10.7,0,Baixio,suprimida,
4,1,182,20,270,-30,11,0,Terra Firme,suprimida,
1,8,327,370,270,-30,32.4,1,Baixio,co-dominante,** suprimida por cípo
4,2,37,70,270,-30,40.5,1,Terra Firme,intermediaria,cípo
3,1,37,20,275,-30,29.5,0,Baixio,suprimida,
3,3,102,120,275,-30,37.5,1,Baixio,co-dominante,
1,6,421,270,280,-30,10.7,0,Baixio,intermediaria,
4,5,104,220,280,-30,12.2,0,Terra Firme,suprimida,
4,2,38,70,280,-30,14.6,1,Terra Firme,intermediaria,
3,7,315,320,285,-30,24,1,Terra Firme,co-dominante,
1,1,43,20,285,-30,51.5,1,Terra Firme,dominante,
1,1,407,20,288,-30,19.3,0,Terra Firme,suprimida,
4,5,102,220,300,-30,10.2,0,Terra Firme,suprimida,
4,1,12,20,300,-30,30.1,0,Terra Firme,intermediaria,cípo
4,2,39,70,300,-30,32.2,1,Terra Firme,intermediaria,
1,8,336,370,333,-30,14.3,0,Baixio,suprimida,**
"4,2,43,70,333,-30,25.8,1,Terra Firme,intermediaria,""torta, cípo"""
1,1,50,20,340,-30,17.3,0,Baixio,intermediaria,
1,1,54,20,340,-30,19.6,0,Baixio,intermediaria,suprimida por cípo
3,8,379,370,350,-30,12.6,0,Terra Firme,co-dominante,cípo
3,8,378,370,353,-30,16.7,0,Terra Firme,intermediaria,
1,8,341,370,360,-30,16.8,0,Baixio,intermediaria,**
1,3,143,120,360,-30,22.7,1,Baixio,co-dominante,
3,3,96,120,368,-30,43.5,1,Baixio,dominante,
2,5,147,220,370,-30,36.6,1,Terra Firme,co-dominante,
1,6,245,270,380,-30,13.5,0,Baixio,suprimida,
2,5,149,220,380,-30,23.9,0,Terra Firme,intermediaria,
1,6,244,270,380,-30,24,1,Baixio,intermediaria,
2,4,80,170,385,-30,16,0,Terra Firme,suprimida,
4,1,18,20,388,-30,15,0,Terra Firme,intermediaria,
1,5,224,220,390,-30,21.2,0,Baixio,suprimida,
4,1,16,20,392,-30,25.5,1,Terra Firme,co-dominante,
3,1,45,20,397,-30,20.7,1,Terra Firme,intermediaria,
3,3,93,120,398,-30,31,1,Baixio,intermediaria,
1,6,246,270,398,-30,41.2,1,Baixio,co-dominante,
1,6,247,270,400,-30,28.8,1,Baixio,co-dominante,
2,2,278,71,360,-29,10.2,0,Terra Firme,intermediaria,
3,2,66,72,171,-28,58.4,1,Terra Firme,dominante,
3,8,364,372,228,-28,13.4,0,Baixio,intermediaria,
2,8,234,372,355,-28,11,0,Terra Firme,intermediaria,
1,1,21,23,115,-27,17,0,Baixio,suprimida,
3,5,265,223,123,-27,13.6,0,Terra Firme,co-dominante,clareira
3,5,252,223,174,-27,22,0,Baixio,intermediaria,
2,6,174,273,184,-27,13.6,0,Terra Firme,intermediaria,
2,1,14,23,298,-27,36.6,1,Terra Firme,co-dominante,
1,3,351,124,37,-26,17.6,0,Baixio,intermediaria,
3,5,270,224,40,-26,11.2,0,Baixio,suprimida,
3,8,363,374,233,-26,24.5,1,Baixio,intermediaria,
2,7,224,324,344,-26,23.5,0,Baixio,intermediaria,
3,3,97,124,368,-26,36.6,1,Baixio,co-dominante,medida em cima
2,7,202,325,2,-25,14.5,0,Terra Firme,intermediaria,
1,4,175,175,3,-25,12.6,0,Baixio,suprimida,
1,5,178,225,5,-25,27.7,1,Baixio,co-dominante,
1,4,173,175,10,-25,11.8,0,Baixio,suprimida,
1,4,174,175,10,-25,12,0,Baixio,suprimida,
2,7,198,325,10,-25,12.8,0,Terra Firme,suprimida,
2,5,124,225,10,-25,28,1,Terra Firme,intermediaria,
1,1,2,25,20,-25,20.5,0,Baixio,suprimida,
4,7,186,325,27,-25,13.3,0,Terra Firme,intermediaria,
3,2,47,75,30,-25,22.4,0,Terra Firme,co-dominante,suprimida por cípo
1,8,297,375,30,-25,29.4,0,Terra Firme,co-dominante,** nao produziu este ano/completemente dominada pelo cípo
2,6,193,275,35,-25,17.7,0,Terra Firme,suprimida,cípo
1,3,101,125,40,-25,16.7,0,Baixio,suprimida,
1,2,83,75,40,-25,30.5,1,Terra Firme,co-dominante,
1,8,300,375,45,-25,27,1,Terra Firme,co-dominante,**
3,2,52,75,45,-25,32.9,1,Baixio,co-dominante,suprimida por cípo
3,3,149,125,47,-25,20.2,0,Baixio,intermediaria,
3,5,271,225,48,-25,24.3,1,Baixio,co-dominante,cípo
3,3,151,125,48,-25,41.1,1,Baixio,dominante,
2,2,45,75,65,-25,17.8,0,Terra Firme,suprimida,
2,2,44,75,70,-25,11.4,0,Terra Firme,co-dominante,suprimida por cípo
3,1,10,25,70,-25,27.5,1,Baixio,co-dominante,produziu muito o ano passado
3,6,282,275,75,-25,31.5,1,Terra Firme,co-dominante,suprimida por cípo
2,3,57,125,85,-25,16.1,0,Terra Firme,suprimida,cípo
2,2,42,75,90,-25,13.6,0,Terra Firme,suprimida,
1,4,170,175,90,-25,23,1,Baixio,suprimida,mata pau (apuí) - cípo
2,6,180,275,90,-25,46.2,1,Terra Firme,dominante,
2,6,181,275,97,-25,10.7,0,Terra Firme,suprimida,cípo
2,3,61,125,105,-25,29.9,1,Terra Firme,suprimida,cípo
1,5,189,225,110,-25,27.5,1,Baixio,co-dominante,
2,6,178,275,115,-25,12.4,0,Terra Firme,suprimida,cípo
3,4,176,175,115,-25,46.3,1,Baixio,co-dominante,
2,4,107,175,122,-25,21.6,0,Terra Firme,intermediaria,
2,1,7,25,130,-25,16.8,0,Terra Firme,suprimida,
1,4,191,175,135,-25,36.5,1,Baixio,intermediaria,
1,3,120,125,150,-25,27.2,1,Baixio,co-dominante,
1,6,263,275,150,-25,74,1,Baixio,dominante,foi medido em baixo
1,4,414,175,160,-25,11.5,0,Baixio,suprimida,
3,4,187,175,168,-25,32.5,1,Baixio,co-dominante,
3,3,119,125,170,-25,28.6,1,Baixio,intermediaria,
3,2,65,75,170,-25,40.3,1,Terra Firme,co-dominante,
1,4,368,175,174,-25,34.3,1,Baixio,dominante,
1,8,308,375,175,-25,32.2,1,Terra Firme,co-dominante,** suprimida por cípo
3,5,253,225,176,-25,15.6,0,Baixio,intermediaria,
3,5,251,225,185,-25,22,0,Baixio,intermediaria,
3,8,557,375,188,-25,17.2,0,Baixio,intermediaria,deve ser 357
3,6,294,275,190,-25,51.5,1,Baixio,dominante,
2,2,37,75,194,-25,10.8,0,Terra Firme,suprimida,
2,6,169,275,201,-25,17.3,0,Terra Firme,intermediaria,
4,2,27,75,205,-25,11.3,0,Terra Firme,intermediaria,
3,6,296,275,205,-25,16.8,0,Baixio,co-dominante,
3,6,297,275,210,-25,22,0,Baixio,intermediaria,
2,1,9,25,215,-25,15.5,0,Terra Firme,suprimida,
1,8,314,375,225,-25,31.7,1,Terra Firme,co-dominante,**
1,8,313,375,230,-25,25,0,Terra Firme,intermediaria,**
3,6,299,275,241,-25,25.6,1,Baixio,co-dominante,suprimida por cípo
2,3,263,125,250,-25,13,0,Terra Firme,suprimida,
1,8,317,375,250,-25,13.6,0,Baixio,suprimida,**
2,8,250,375,250,-25,21.8,1,Baixio,intermediaria,
2,7,215,325,250,-25,39.1,1,Baixio,co-dominante,parcialmente
3,5,232,225,251,-25,10,0,Terra Firme,intermediaria,
3,5,234,225,255,-25,29.8,1,Terra Firme,intermediaria,
1,4,157,175,260,-25,30.2,1,Baixio,co-dominante,suprimida por cípo
4,4,60,175,260,-25,39,1,Terra Firme,intermediaria,
3,2,74,75,265,-25,20.3,0,Baixio,intermediaria,
1,2,409,75,270,-25,14.2,0,Baixio,suprimida,
"4,5,108,225,270,-25,16,0,Terra Firme,suprimida,""quebrada, cípo"""
1,1,41,25,282,-25,15,0,Terra Firme,co-dominante,
1,1,40,25,285,-25,28.7,1,Terra Firme,dominante,perto da clareira
2,8,247,375,286,-25,22.5,1,Baixio,intermediaria,não inundada
2,8,245,375,290,-25,14.8,1,Terra Firme,intermediaria,
4,5,103,225,295,-25,13.4,0,Terra Firme,suprimida,
"1,8,330,375,295,-25,21,0,Baixio,intermediaria,""** cípo parcial, suprimida por cípo"""
2,2,34,75,310,-25,31.7,1,Terra Firme,intermediaria,
2,8,244,375,310,-25,34.4,1,Terra Firme,suprimida,
1,8,386,375,315,-25,25.9,1,Transição,suprimida,
3,8,374,375,315,-25,29.3,1,Terra Firme,co-dominante,
4,6,184,275,320,-25,51.6,1,Baixio,dominante,
4,4,81,175,330,-25,20.8,1,Transição,intermediaria,
4,2,41,75,330,-25,48.9,1,Terra Firme,co-dominante,
4,2,42,75,333,-25,23.2,1,Terra Firme,intermediaria,
2,8,238,375,338,-25,14.1,0,Terra Firme,intermediaria,
2,7,223,325,339,-25,19.5,0,Baixio,intermediaria,cípo
4,2,44,75,340,-25,32.2,1,Terra Firme,co-dominante,
3,5,224,225,340,-25,45.7,1,Terra Firme,co-dominante,
2,5,145,225,345,-25,25.6,1,Terra Firme,intermediaria,
4,5,90,225,350,-25,27.1,1,Baixio,co-dominante,suprimida por cípos
1,5,219,225,350,-25,53,1,Baixio,co-dominante,
3,5,223,225,370,-25,43.3,1,Baixio,co-dominante,
4,4,86,175,375,-25,32.8,1,Terra Firme,co-dominante,
2,4,83,175,375,-25,52,1,Terra Firme,dominante,intermediaria por cípos
1,8,418,375,380,-25,11.6,0,Terra Firme,suprimida,
2,4,79,175,394,-25,34.5,1,Terra Firme,co-dominante,suprimida por cípos
3,3,92,125,396,-25,13.3,0,Baixio,intermediaria,
3,4,217,175,399,-25,11.5,0,Baixio,intermediaria,
1,6,417,276,50,-24,21.8,1,Baixio,intermediaria,
3,6,284,276,85,-24,16.8,0,Baixio,intermediaria,medida em cima da bota/curva
3,4,191,176,188,-24,27.8,1,Baixio,co-dominante,
1,5,217,226,350,-24,36.7,1,Baixio,intermediaria,
2,7,229,326,371,-24,32.6,1,Baixio,intermediaria,
2,7,199,327,20,-23,19.3,0,Terra Firme,intermediaria,cípo
2,7,200,327,25,-23,11.7,0,Terra Firme,intermediaria,
4,7,185,327,25,-23,13.1,0,Terra Firme,intermediaria,
3,5,274,227,25,-23,16.4,0,Baixio,suprimida,
3,3,153,127,44,-23,28.7,1,Baixio,co-dominante,
3,7,335,327,200,-23,28,1,Baixio,co-dominante,suprimida por cípo
3,8,368,377,238,-23,31.5,0,Baixio,co-dominante,suprimida por cípo
1,8,337,377,333,-23,46.6,1,Baixio,co-dominante,** tronco torto
1,5,218,227,350,-23,16.4,0,Baixio,suprimida,
3,3,155,128,41,-22,15.8,1,Baixio,intermediaria,
3,3,154,128,42,-22,19.9,1,Baixio,intermediaria,
1,1,15,28,70,-22,18.6,0,Baixio,suprimida,
3,6,283,278,75,-22,27.4,1,Transição,co-dominante,suprimida por cípo
2,2,38,78,182,-22,10.4,0,Terra Firme,intermediaria,quase suprimida
3,2,82,78,342,-22,15.8,0,Baixio,suprimida,ilha
2,4,87,178,360,-22,12.3,0,Terra Firme,suprimida,
2,7,228,328,368,-22,29.7,1,Baixio,intermediaria,
2,5,146,229,345,-21,19.5,0,Terra Firme,suprimida,
1,8,420,379,380,-21,13.3,0,Terra Firme,intermediaria,
1,8,296,380,1,-20,25,1,Terra Firme,co-dominante,**
2,7,201,330,5,-20,16.5,0,Terra Firme,intermediaria,
2,6,194,280,20,-20,15.2,0,Terra Firme,intermediaria,
2,4,118,180,20,-20,15.5,0,Terra Firme,suprimida,
2,4,117,180,25,-20,15.2,0,Terra Firme,intermediaria,
1,1,6,30,25,-20,25,1,Baixio,intermediaria,
2,1,2,30,28,-20,26,1,Terra Firme,intermediaria,
2,6,192,280,40,-20,19.4,0,Terra Firme,intermediaria,suprimida por cípos
3,6,278,280,40,-20,33,1,Terra Firme,co-dominante,suprimida por cípo
2,5,128,230,45,-20,14.5,0,Terra Firme,intermediaria,
1,2,401,80,45,-20,38.4,1,Baixio,co-dominante,
3,2,55,80,50,-20,25.8,0,Baixio,co-dominante,suprimida por cípo
1,3,100,130,50,-20,48,1,Baixio,co-dominante,suprimida por cípo
2,6,187,280,55,-20,14.9,0,Terra Firme,intermediaria,suprimida por cípos
1,6,268,280,60,-20,20.5,1,Baixio,co-dominante,
1,1,13,30,70,-20,20.4,0,Baixio,intermediaria,com cípo-pudia ser suprimida
2,4,114,180,70,-20,29.5,1,Terra Firme,co-dominante,suprimida por cípos
2,7,204,330,70,-20,33,1,Terra Firme,dominante,tiramos o cípo estrangulando a árvore
3,3,143,130,74,-20,15.6,0,Baixio,suprimida,medida em baixio do normal
3,4,165,180,78,-20,26.2,1,Baixio,co-dominante,suprimida por cípo
1,1,17,30,80,-20,35.2,1,Terra Firme,co-dominante,
1,3,105,130,90,-20,38.8,1,Baixio,dominante,com flores
2,6,182,280,97,-20,10.5,0,Terra Firme,suprimida,cípo ao lado da balseira (bagunca de cípo)
1,2,423,80,100,-20,11.6,0,Baixio,suprimida,
3,1,14,30,100,-20,18,0,Baixio,suprimida,quebrou e rebrotou de novo
1,1,20,30,100,-20,35.8,1,Terra Firme,co-dominante,
1,5,188,230,100,-20,46.4,1,Baixio,co-dominante,
2,3,62,130,105,-20,16.9,0,Terra Firme,suprimida,cípo em baixo
3,4,175,180,110,-20,28.1,1,Baixio,co-dominante,
3,2,58,80,115,-20,25.7,0,Terra Firme,co-dominante,suprimida por cípo
1,1,346,30,120,-20,14.5,0,Terra Firme,suprimida,
1,5,190,230,120,-20,19.5,0,Baixio,co-dominante,
2,5,130,230,120,-20,30.5,1,Terra Firme,dominante,cípo
2,4,106,180,130,-20,16.5,0,Terra Firme,intermediaria,
1,5,415,230,130,-20,28.6,1,Baixio,dominante,
1,1,32,30,145,-20,48,1,Terra Firme,co-dominante,suprimida por cípo
1,3,119,130,150,-20,16.5,0,Baixio,suprimida,
3,4,180,180,150,-20,33.1,1,Baixio,co-dominante,
1,4,167,180,160,-20,27.5,1,Baixio,co-dominante,
3,8,352,380,162,-20,41.4,1,Baixio,co-dominante,
1,4,163,180,170,-20,20,0,Baixio,suprimida,
3,8,353,380,171,-20,11.1,0,Baixio,suprimida,
1,8,309,380,172,-20,22.7,0,Terra Firme,intermediaria,** cípo
3,7,338,330,184,-20,12,0,Baixio,suprimida,
2,1,8B,30,190,-20,27,1,Terra Firme,intermediaria,
3,5,247,230,190,-20,29.5,1,Baixio,co-dominante,suprimida por cípo
3,4,192,180,198,-20,40.4,1,Baixio,dominante,
1,3,124,130,200,-20,21,0,Baixio,intermediaria,cípo
1,5,208,230,200,-20,38.8,1,Baixio,co-dominante,
4,7,131,330,201,-20,25,1,Terra Firme,intermediaria,
3,5,240,230,202,-20,33.7,1,Baixio,co-dominante,
3,4,196,180,217,-20,31.5,1,Baixio,suprimida,
3,3,110,130,220,-20,39.8,1,Baixio,co-dominante,
3,2,382,80,230,-20,24,1,Baixio,co-dominante,suprimida por cípo
1,4,160,180,230,-20,26.2,0,Baixio,suprimida,quebrada e rebrotada
"4,2,26,80,230,-20,30.7,0,Terra Firme,suprimida,""não tem copa, quebrada com rebrotas novas, estava produzindo muito"""
3,4,195,180,233,-20,36.4,1,Baixio,dominante,
2,5,137,230,240,-20,11.5,0,Terra Firme,suprimida,
1,4,155,180,240,-20,24.2,0,Baixio,intermediaria,
3,8,367,380,243,-20,15,0,Transição,intermediaria,
1,2,67,80,250,-20,12.8,0,Terra Firme,intermediaria,
3,7,324,330,250,-20,23.3,0,Baixio,dominante,suprimida por cípo
1,4,156,180,250,-20,23.5,1,Baixio,co-dominante,suprimida por cípo
1,1,348,30,257,-20,26.1,0,Terra Firme,dominante,clareira
2,6,165,280,260,-20,33.5,1,Terra Firme,co-dominante,
4,4,63,180,265,-20,16,0,Terra Firme,intermediaria,
2,1,11,30,268,-20,16.7,0,Terra Firme,suprimida,
"1,8,325,380,270,-20,17.2,0,Baixio,intermediaria,""** suprimida por cípo, quase codominante"""
4,4,62,180,270,-20,18.3,0,Terra Firme,intermediaria,
1,3,135,130,270,-20,26.5,1,Baixio,co-dominante,
3,5,231,230,275,-20,10.9,0,Terra Firme,suprimida,
3,5,228,230,275,-20,19.5,0,Terra Firme,intermediaria,
2,3,73,130,278,-20,16.8,0,Terra Firme,co-dominante,
1,4,412,180,280,-20,15.5,0,Baixio,suprimida,
1,3,136,130,280,-20,23.3,1,Baixio,intermediaria,
3,8,371,380,285,-20,11.1,0,Terra Firme,intermediaria,cípo
1,1,42,30,285,-20,44.9,1,Terra Firme,dominante,
3,8,372,380,289,-20,31.1,1,Terra Firme,co-dominante,
1,3,140,130,290,-20,19.5,1,Baixio,intermediaria,suprimida por cípo
4,4,74,180,300,-20,17.6,1,Transição,intermediaria,
2,1,15,30,305,-20,35.6,0,Terra Firme,co-dominante,
4,7,136,330,310,-20,13.3,0,Baixio,suprimida,10% luz
4,5,98,230,310,-20,23.6,1,Terra Firme,intermediaria,
3,2,79,80,315,-20,32.1,1,Baixio,co-dominante,ilha
2,4,91,180,320,-20,39.7,1,Terra Firme,co-dominante,
2,4,92,180,325,-20,24.1,0,Terra Firme,intermediaria,
2,6,160,280,325,-20,65,1,Terra Firme,dominante,
1,1,51,30,330,-20,25,0,Baixio,co-dominante,suprimida por cípo
3,2,80,80,335,-20,27.7,0,Baixio,suprimida,ilha
3,2,81,80,341,-20,26.1,1,Baixio,intermediaria,ilha
1,3,362,130,350,-20,10.5,0,Transição,suprimida,cípo
1,4,150,180,350,-20,11.2,0,Baixio,suprimida,
"4,5,91,230,350,-20,38.2,1,Transição,co-dominante,""suprimida por cípos, muito"""
2,2,30,80,355,-20,18.4,0,Terra Firme,intermediaria,
3,1,43,30,365,-20,34.3,1,Terra Firme,co-dominante,
1,3,359,130,370,-20,19.8,0,Terra Firme,co-dominante,possibly in sub-p 4
1,3,145,130,370,-20,21,0,Terra Firme,intermediaria,vai produzir este ano?
1,3,144,130,370,-20,28.2,1,Terra Firme,co-dominante,
2,1,21,30,370,-20,33,1,Terra Firme,co-dominante,suprimida por cípo
3,5,407,230,370,-20,41.3,1,Transição,co-dominante,
"1,8,419,380,375,-20,16.5,0,Terra Firme,intermediaria,""grota, Baixio?"""
1,8,382,380,380,-20,10.7,0,Terra Firme,suprimida,
1,5,225,230,380,-20,41,1,Baixio,suprimida,
1,6,251,280,385,-20,14,0,Baixio,suprimida,
2,5,151,230,390,-20,31.8,1,Terra Firme,intermediaria,
1,3,146,130,390,-20,37.5,1,Terra Firme,co-dominante,
4,7,147,330,392,-20,14.4,0,Baixio,suprimida,
2,5,150,230,397,-20,40.5,1,Terra Firme,dominante,
4,1,19,30,400,-20,29.7,1,Terra Firme,suprimida,
3,4,186,181,162,-19,15.1,0,Baixio,intermediaria,
2,8,237,381,335,-19,37.5,1,Terra Firme,co-dominante,a cima de sapopema
3,2,63,82,143,-18,22.1,0,Terra Firme,suprimida,
3,4,197,182,215,-18,12.6,0,Baixio,suprimida,
2,7,227,332,386,-18,25.1,1,Baixio,intermediaria,
2,3,54,133,60,-17,18.4,0,Terra Firme,suprimida,cípo
1,1,404,33,73,-17,11.8,0,Baixio,co-dominante,
3,3,140,133,90,-17,18.9,0,Baixio,intermediaria,medida em cima
2,3,66,133,122,-17,13.5,0,Terra Firme,intermediaria,
3,2,62,83,147,-17,18,0,Terra Firme,intermediaria,
1,8,312,383,235,-17,25.3,0,Terra Firme,intermediaria,** suprimida por cípo 
2,6,159,283,350,-17,53.1,1,Terra Firme,dominante,
3,5,241,234,203,-16,35.1,1,Baixio,co-dominante,suprimida por cípo
1,3,95,135,0,-15,26.8,1,Baixio,intermediaria,
3,1 ou 2,380,385,2,-15,29.2,1,Terra Firme,co-dominante,
2,4,121,185,4,-15,23.8,0,Terra Firme,suprimida,cípo
2,6,196,285,6,-15,14.3,0,Terra Firme,suprimida,medimos a brota predominante (com placas)
3,6,277,285,10,-15,15.9,0,Terra Firme,suprimida,
3,1,4,35,17,-15,11,0,Baixio,intermediaria,
1,5,181,235,40,-15,24.5,1,Baixio,suprimida,
1,6,271,285,40,-15,31,1,Baixio,co-dominante,
3,4,162,185,40,-15,49,0,Terra Firme,dominante,cípo quebrou o galho dela/estava produzindo
2,6,191,285,45,-15,19.6,0,Terra Firme,co-dominante,clareira/bifurcada-2 brotas
2,1,5,35,45,-15,34.2,1,Terra Firme,co-dominante,
1,3,99,135,50,-15,15.4,0,Baixio,intermediaria,
1,5,182,235,50,-15,39.5,1,Baixio,co-dominante,
2,6,190,285,55,-15,19.9,0,Terra Firme,intermediaria,suprimida por cípos
3,3,148,135,60,-15,11.3,0,Baixio,suprimida,
3,7,343,335,61,-15,14.5,0,Baixio,dominante,
2,6,186,285,65,-15,12,0,Terra Firme,intermediaria,
3,3,142,135,68,-15,27.9,1,Baixio,intermediaria,produziu muito o ano passado
3,4,167,185,69,-15,13.7,0,Terra Firme,suprimida,
2,4,264,185,70,-15,15.4,0,Terra Firme,suprimida,
2,6,184,285,75,-15,16.9,0,Terra Firme,intermediaria,
4,8,174,385,75,-15,18,0,Terra Firme,suprimida,
1,1,14,35,75,-15,22,1,Terra Firme,intermediaria,
"3,7,342,335,76,-15,17.8,0,Baixio,co-dominante,""quebrada, 2 brotas"""
1,1,18,35,80,-15,34.8,1,Terra Firme,co-dominante,
3,2,57,85,98,-15,11.1,0,Terra Firme,co-dominante,suprimida por cípo
3,5,404,235,99,-15,37.7,1,Baixio,co-dominante,suprimida por cípo
1,3,106,135,105,-15,36.3,1,Baixio,co-dominante,
3,3,132,135,112,-15,15,0,Baixio,suprimida,
1,1,406,35,115,-15,20.3,1,Terra Firme,intermediaria,
1,5,194,235,120,-15,20.9,1,Baixio,intermediaria,
1,5,195,235,120,-15,23.3,1,Baixio,co-dominante,
1,1,29,35,130,-15,59.4,1,Terra Firme,dominante,
3,3,118,135,147,-15,12.1,0,Baixio,suprimida,
3,4,181,185,150,-15,19.1,0,Baixio,intermediaria,
1,2,392,85,160,-15,10.1,0,Terra Firme,intermediaria,
1,1,35,35,160,-15,15,0,Terra Firme,intermediaria,
1,2,389,85,165,-15,14.9,0,Terra Firme,co-dominante,suprimida por cípo
3,7,340,335,170,-15,23,0,Terra Firme,co-dominante,suprimida por cípo
2,7,212,335,178,-15,20.5,0,Terra Firme,intermediaria,
3,4,400,185,182,-15,18.9,0,Baixio,intermediaria,
2,6,173,285,182,-15,39,1,Terra Firme,co-dominante,suprimida por cípos
3,5,248,235,183,-15,20.5,0,Baixio,intermediaria,
3,3,113,135,192,-15,16.4,0,Baixio,intermediaria,suprimida por cípo
2,6,271,285,210,-15,11.1,0,Terra Firme,suprimida,
"3,8,365,385,226,-15,29.6,1,Baixio,co-dominante,""quebrou um galho, suprimida por cípo"""
3,5,237,235,235,-15,13.8,0,Baixio,suprimida,
4,1,3,35,235,-15,20.3,0,Terra Firme,co-dominante,cípo
2,4,98,185,238,-15,22.6,0,Baixio,co-dominante,
4,1,5,35,246,-15,32.8,1,Terra Firme,co-dominante,
4,1,11,35,252,-15,23.7,0,Terra Firme,suprimida,furcado (many forks)
1,1,349,35,257,-15,40.3,1,Terra Firme,dominante,
1,8,323,385,260,-15,18,0,Terra Firme,intermediaria,** suprimida por cípo
4,5,107,235,265,-15,13.5,0,Terra Firme,suprimida,quebrada
3,1,34,35,266,-15,16.1,0,Baixio,suprimida,
4,5,106,235,270,-15,13,0,Terra Firme,intermediaria,
3,1,36,35,275,-15,16.2,1,Baixio,intermediaria,
4,2,33,85,275,-15,40.6,1,Baixio,intermediaria,cípo
1,6,254,285,280,-15,37.2,1,Baixio,co-dominante,
1,6,253,285,285,-15,48.3,1,Baixio,dominante,
2,1,13,35,295,-15,23.5,1,Terra Firme,suprimida,
2,1,16,35,300,-15,41.2,1,Terra Firme,co-dominante,
4,4,73,185,310,-15,20,0,Transição,intermediaria,
4,5,99,235,310,-15,25.5,1,Terra Firme,intermediaria,
3,3,98,135,325,-15,34.1,1,Baixio,co-dominante,
2,8,236,385,330,-15,31.2,1,Terra Firme,intermediaria,
2,8,235,385,340,-15,28,0,Terra Firme,intermediaria,
1,5,220,235,345,-15,38.6,1,Baixio,intermediaria,
1,1,53,35,350,-15,46.9,1,Terra Firme,co-dominante,suprimida por cípo
3,4,215,185,360,-15,16.3,0,Baixio,suprimida,
1,6,422,285,365,-15,11.5,0,Baixio,suprimida,
2,2,29,85,365,-15,13.2,0,Terra Firme,suprimida,
3,2,87,85,368,-15,37.9,1,Transição,co-dominante,
3,4,397,185,370,-15,19.5,0,Baixio,intermediaria,
4,5,92,235,370,-15,63.5,1,Baixio,dominante,
1,8,344,385,380,-15,12.1,0,Baixio,suprimida,**
4,2,45,85,380,-15,14.8,0,Terra Firme,intermediaria,
4,5,88,235,380,-15,39.2,1,Baixio,co-dominante,
3,5 ou 6,408,385,385,-15,11.7,0,Baixio,suprimida,
1,6,250,285,385,-15,37,1,Baixio,co-dominante,
1,6,249,285,390,-15,41,1,Baixio,co-dominante,
2,5,152,235,395,-15,12.7,0,Terra Firme,suprimida,
1,6,248,285,395,-15,28,1,Baixio,intermediaria,
3,3,90,135,396,-15,27.2,1,Baixio,co-dominante,
3,4,216,185,398,-15,28.1,1,Baixio,co-dominante,
3,4,172,186,93,-14,15.9,0,Baixio,intermediaria,
3,3,152,137,44,-13,30.3,1,Baixio,co-dominante,
3,3,139,137,85,-13,36.8,1,Baixio,co-dominante,cípo
1,5,187,237,100,-13,31.9,1,Baixio,co-dominante,suprimida por cípo
4,1,4,37,230,-13,10.5,0,Terra Firme,suprimida,
3,4,203,187,293,-13,43.4,1,Transição,co-dominante,
1,8,338,387,340,-13,38.1,1,Baixio,co-dominante,** suprimida por cípo
1,2,88,88,27,-12,21,1,Baixio,co-dominante,
4,8,176,388,70,-12,14,0,Terra Firme,suprimida,
4,8,178,388,80,-12,18,0,Terra Firme,intermediaria,
3,2,61,88,140,-12,14.3,0,Terra Firme,co-dominante,suprimida por cípo
2,6,177,288,165,-12,31.2,1,Terra Firme,co-dominante,
3,8,351,388,166,-12,10.1,0,Baixio,intermediaria,cípo
1,8,310,388,187,-12,36.7,0,Terra Firme,co-dominante,** quebrada em cima
4,4,72,188,310,-12,34.9,1,Transição,co-dominante,
2,2,32,88,350,-12,14.8,0,Terra Firme,intermediaria,
4,7,143,338,350,-12,25.1,1,Baixio,suprimida,20% luz
"2,7,226,338,364,-12,38.8,1,Baixio,co-dominante,""igarape, suprimida por cípos"""
2,1,20,38,365,-12,16.8,0,Terra Firme,suprimida,
2,4,82,188,390,-12,20.1,0,Terra Firme,intermediaria,cípo
2,8,275,388,398,-12,19.6,0,Terra Firme,co-dominante,tal vez -12
2,3,65,139,125,-11,39.2,1,Terra Firme,co-dominante,
2,4,122,190,1,-10,10.6,0,Terra Firme,suprimida,
2,5,126,240,1,-10,15.5,0,Terra Firme,suprimida,
1,3,94,140,2,-10,23,1,Baixio,intermediaria,
4,7,127,340,5,-10,27.5,1,Terra Firme,suprimida,
3,8,346,390,9,-10,10.7,0,Terra Firme,suprimida,
1,3,93,140,10,-10,24.5,1,Baixio,intermediaria,
2,6,195,290,25,-10,10.5,0,Terra Firme,suprimida,
2,8,259,390,25,-10,13.2,0,Terra Firme,suprimida,
1,3,97,140,25,-10,16,0,Baixio,intermediaria,
1,4,171,190,30,-10,38,1,Baixio,co-dominante,
2,6,189,290,45,-10,13.4,0,Terra Firme,suprimida,
3,1,9,40,47,-10,49.1,1,Baixio,dominante,produziu muito o ano passado
1,1,8,40,48,-10,35.7,1,Baixio,intermediaria,
1,6,270,290,50,-10,18,0,Baixio,co-dominante,suprimida por cípo
3,4,166,190,54,-10,38.3,1,Terra Firme,co-dominante,suprimida por cípo
2,2,47,90,55,-10,10.4,0,Terra Firme,intermediaria,
1,2,84,90,60,-10,38,1,Baixio,dominante,
4,8,175,390,70,-10,14,0,Terra Firme,suprimida,
2,2,46,90,70,-10,15.7,0,Terra Firme,suprimida,cípo
3,4,168,190,73,-10,26.8,0,Baixio,intermediaria,
2,4,115,190,75,-10,12.5,0,Terra Firme,intermediaria,
3,7,341,340,76,-10,34.6,1,Baixio,dominante,suprimida por cípo
4,7,130,340,100,-10,19.8,0,Terra Firme,intermediaria,
1,5,186,240,100,-10,42.5,1,Baixio,co-dominante,
3,3,133,140,103,-10,14,0,Baixio,suprimida,
1,5,200,240,110,-10,21.5,0,Baixio,intermediaria,
2,5,129,240,110,-10,29.8,1,Terra Firme,co-dominante,
1,3,354,140,115,-10,22.4,1,Baixio,intermediaria,
2,3,64,140,130,-10,10.8,0,Terra Firme,suprimida,
3,1,19,40,140,-10,13.3,0,Terra Firme,suprimida,
3,3,125,140,140,-10,24.7,1,Baixio,intermediaria,
3,5,257,240,140,-10,30.6,1,Terra Firme,intermediaria,cípo
3,5,258,240,143,-10,26.7,1,Terra Firme,suprimida,
1,5,203,240,145,-10,13.4,0,Baixio,suprimida,
1,1,31,40,145,-10,36,1,Terra Firme,dominante,
1,4,169,190,150,-10,21.5,0,Baixio,intermediaria,quebrou um galho
3,1,18,40,160,-10,19.7,1,Terra Firme,suprimida,
1,4,168,190,160,-10,23.5,1,Baixio,intermediaria,suprimida por cípo
2,5,133,240,170,-10,26.8,1,Terra Firme,intermediaria,
1,6,258,290,170,-10,32.1,1,Baixio,dominante,suprimida por alguns cípos
1,5,205,240,170,-10,36.1,1,Baixio,dominante,
1,5,206,240,180,-10,10.8,0,Baixio,suprimida,
2,4,99,190,190,-10,11.2,0,Terra Firme,suprimida,
2,1,08A,40,190,-10,16.7,0,Terra Firme,suprimida,
3,7,334,340,194,-10,11.7,0,Transição,suprimida,
1,7,285,340,195,-10,13.8,0,Baixio,intermediaria,*
1,2,408,90,195,-10,33.3,1,Terra Firme,suprimida,
"3,8,558,390,199,-10,58.4,1,Baixio,dominante,""deve ser 358, cípo"""
1,3,123,140,200,-10,17.2,0,Baixio,intermediaria,
3,6,295,290,200,-10,27.3,1,Baixio,co-dominante,suprimida por cípo
1,3,355,140,202,-10,13.3,0,Baixio,suprimida,
3,8,559,390,202,-10,17.5,0,Baixio,intermediaria,deve ser 359
3,7,332,340,202,-10,42.8,1,Baixio,co-dominante,
4,5,109B,240,215,-10,10.7,0,Terra Firme,suprimida,
4,5,109,240,230,-10,10.7,0,Terra Firme,suprimida,
1,5,214,240,230,-10,42.1,1,Baixio,co-dominante,tronco irregular
4,1,181,40,231,-10,11.3,0,Terra Firme,suprimida,
4,8,169,390,250,-10,14.7,0,Transição,suprimida,
4,8,171,390,250,-10,15.5,0,Transição,suprimida,
4,8,167,390,250,-10,29.5,1,Transição,co-dominante,
4,1,6,40,250,-10,31.1,1,Terra Firme,co-dominante,
3,7,318,340,252,-10,17.4,0,Transição,suprimida,cípo
1,7,293,340,257,-10,19.5,1,Baixio,co-dominante,*
4,2,31,90,260,-10,12.1,0,Terra Firme,suprimida,
2,2,36,90,260,-10,15.5,0,Terra Firme,suprimida,
3,6,303,290,261,-10,18.2,0,Transição,intermediaria,
3,1,393,40,266,-10,12.6,0,Baixio,intermediaria,
2,1,10,40,267,-10,19.2,0,Terra Firme,intermediaria,
3,2,75,90,269,-10,17,0,Baixio,intermediaria,suprimida por cípo
2,1,269,40,275,-10,13.3,0,Terra Firme,intermediaria,
4,4,66,190,275,-10,24,1,Terra Firme,suprimida,
2,8,249,390,281,-10,23.3,1,Baixio,intermediaria,não inundada
3,3,99,140,285,-10,16.9,0,Baixio,suprimida,
3,4,202,190,290,-10,37.9,1,Transição,co-dominante,
4,4,70,190,305,-10,13,0,Terra Firme,suprimida,
4,4,71,190,310,-10,25.3,1,Transição,intermediaria,
1,2,65,90,310,-10,42,1,Terra Firme,suprimida,cipo A388
3,4,209,190,317,-10,22.3,1,Baixio,co-dominante,
2,4,90,190,318,-10,25.5,1,Terra Firme,co-dominante,
4,5,96,240,320,-10,39.4,1,Terra Firme,co-dominante,
4,4,82,190,330,-10,25.2,1,Transição,suprimida,
1,8,333,390,330,-10,42,1,Baixio,dominante,**
"3,6,307,290,340,-10,45.6,1,Terra Firme,co-dominante,""cípo, 350-400m Terra Firme sem andiroba"""
1,1,52,40,343,-10,22.2,1,Baixio,co-dominante,
4,8,152,390,350,-10,11.8,0,Baixio,intermediaria,
2,1,18,40,350,-10,23.1,0,Terra Firme,suprimida,cípo
3,1,41,40,350,-10,32.2,1,Terra Firme,co-dominante,suprimida por cípo
4,6,120,290,350,-10,56,1,Baixio,dominante,
1,8,340,390,360,-10,12.1,0,Baixio,suprimida,**
4,1,15,40,360,-10,14.9,0,Terra Firme,intermediaria,
3,1,42,40,360,-10,16.7,1,Terra Firme,co-dominante,
4,8,150,390,370,-10,18.6,0,Baixio,intermediaria,
1,5,226,240,370,-10,34,1,Baixio,intermediaria,
4,7,145,340,380,-10,38.5,1,Baixio,co-dominante,70% luz
4,2,46,90,385,-10,11.1,0,Terra Firme,suprimida,
3,5,219,240,385,-10,19.4,0,Baixio,intermediaria,
4,2,47,90,390,-10,12.5,0,Terra Firme,suprimida,
4,6,125,290,395,-10,32,1,Baixio,dominante,
2,8,274,390,398,-10,14.7,0,Terra Firme,suprimida,
3,7,309,340,398,-10,21,1,Terra Firme,intermediaria,cípo
3,3,91,140,398,-10,25.4,1,Baixio,co-dominante,
3,3,147,141,55,-9,15.7,0,Baixio,suprimida,
1,8,302,391,58,-9,27.6,1,Terra Firme,co-dominante,** suprimida por cípo
1,2,81,91,69,-9,40,1,Baixio,dominante,suprimida por cípo
3,3,138,141,84,-9,15.8,0,Baixio,co-dominante,
3,4,171,191,93,-9,37.5,1,Baixio,co-dominante,
3,4,185,191,155,-9,56.9,1,Baixio,dominante,
3,8,350,391,169,-9,29,1,Baixio,co-dominante,
"4,7,139,341,345,-9,26.1,0,Baixio,co-dominante,""suprimida por cípos, 40% luz"""
3,6,409,291,385,-9,34.6,0,Baixio,co-dominante,
2,3,52,142,30,-8,21.8,1,Terra Firme,suprimida,
3,3,137,142,83,-8,22.5,0,Baixio,co-dominante,suprimida por cípo
1,1,19,42,102,-8,32.9,1,Terra Firme,co-dominante,
2,7,209,342,105,-8,15.6,0,Terra Firme,intermediaria,
3,2,59,92,110,-8,11.2,0,Terra Firme,suprimida,cípo
3,5,406,242,125,-8,12.5,0,Transição,intermediaria,                                                                                                                                                                                                                                                                                                                                                                                                                                                                                                                                                                                                                                                                                                                                                                                                                                                                                                                                                          
3,5,266,242,127,-8,11.4,0,Terra Firme,suprimida,
1,5,202,242,150,-8,17.2,0,Baixio,suprimida,
1,4,162,192,210,-8,29,1,Baixio,co-dominante,
3,8,412,392,240,-8,23.5,0,Transição,co-dominante,
2,4,95,192,240,-8,31.5,1,Terra Firme,co-dominante,
2,8,252,392,245,-8,13.2,0,Baixio,suprimida,
2,8,242,392,302,-8,19.9,0,Baixio,intermediaria,
2,7,220,342,315,-8,16.6,0,Baixio,intermediaria,
2,3,76,142,359,-8,21.3,0,Terra Firme,intermediaria,cípo
1,3,361,142,365,-8,21.9,1,Transição,co-dominante,
3,2,88,92,386,-8,16.5,0,Terra Firme,suprimida,
1,5,177,243,7,-7,24.9,1,Baixio,co-dominante,
1,3,92,143,15,-7,27.5,1,Baixio,co-dominante,suprimida por cípo
3,1,3,43,28,-7,25.3,1,Baixio,co-dominante,
3,4,161,193,30,-7,28.5,1,Terra Firme,co-dominante,suprimida por cípo
1,8,299,393,48,-7,28.5,1,Terra Firme,co-dominante,** suprimida por cípo
2,4,116,193,70,-7,15.3,0,Terra Firme,intermediaria,cípo
"3,3,120,143,175,-7,16.2,0,Baixio,intermediaria,""quase co-dominante, rebrotando"""
3,3,114,143,194,-7,18.2,0,Baixio,suprimida,
3,6,300,293,237,-7,19.9,0,Baixio,dominante,suprimida por cípo
1,7,292,343,257,-7,11.9,0,Baixio,intermediaria,*
3,3,103,143,278,-7,13.9,0,Baixio,intermediaria,
3,5,227,243,280,-7,21.3,0,Terra Firme,intermediaria,
3,5,225,243,325,-7,18,0,Terra Firme,suprimida,
3,7,310,343,340,-7,21.5,1,Terra Firme,intermediaria,
2,6,155,293,340,-7,49.6,1,Terra Firme,dominante,
3,4,398,193,345,-7,11.6,0,Baixio,suprimida,
2,2,28,93,357,-7,11.1,0,Terra Firme,suprimida,
1,2,89,94,10,-6,15.4,0,Baixio,intermediaria,
1,1,9,44,50,-6,50.4,1,Baixio,co-dominante,
2,6,188,294,55,-6,18.7,0,Terra Firme,intermediaria,suprimida por cípos
3,2,54,94,55,-6,21.7,0,Baixio,co-dominante,suprimida por cípo
3,3,141,144,64,-6,21.7,1,Baixio,intermediaria,cípo
3,5,267,244,90,-6,26.1,1,Baixio,co-dominante,um galho suprimida por cípo
1,1,345,44,110,-6,27.4,1,Terra Firme,co-dominante,
1,7,279,344,124,-6,31.3,1,Baixio,co-dominante,*
2,5,132,244,150,-6,19.3,0,Terra Firme,intermediaria,cípo
3,4,182,194,150,-6,55.1,1,Baixio,co-dominante,medido em cima das sapopemas
3,5,255,244,156,-6,11.6,0,Terra Firme,intermediaria,
3,5,250,244,167,-6,14.8,0,Transição,intermediaria,cípo
1,2,72,94,210,-6,41.2,1,Terra Firme,dominante,suprimida por cípo
3,6,301,294,235,-6,24.2,0,Baixio,dominante,suprimida por cípo
4,8,161,394,270,-6,18.4,0,Transição,intermediaria,intermediaria/co-dominante
4,8,159,394,280,-6,17.7,0,Baixio,co-dominante,suprimida por cípos
4,7,134,344,285,-6,13.5,0,Transição,suprimida,< 10% luz
4,8,156,394,307,-6,20,0,Baixio,intermediaria,andiroba ?
2,6,157,294,355,-6,50.3,1,Terra Firme,dominante,
2,3,51,145,2,-5,21.6,1,Terra Firme,intermediaria,
1,6,272,295,5,-5,27.2,1,Baixio,intermediaria,
3,1,1,45,10,-5,35.8,1,Terra Firme,intermediaria,perto do igarape
2,4,119,195,15,-5,10.3,0,Terra Firme,suprimida,
2,4,120,195,15,-5,22.9,0,Terra Firme,suprimida,cípo
3,1,2,45,25,-5,38.6,1,Baixio,dominante,
1,2,87,95,43,-5,33,1,Baixio,co-dominante,
1,2,400,95,45,-5,10.7,0,Baixio,suprimida,
4,7,128,345,45,-5,16.5,0,Terra Firme,intermediaria,20% luz
1,6,269,295,50,-5,58,1,Baixio,co-dominante,suprimida por cípo
3,2,53,95,60,-5,25.7,0,Baixio,co-dominante,medida em cima da parte enchada/suprimida por cípo
1,8,303,395,70,-5,30.4,1,Terra Firme,dominante,** cípo
3,4,169,195,70,-5,46.8,1,Baixio,dominante,suprimida por cípo
2,7,207,345,100,-5,20.2,0,Terra Firme,intermediaria,cípo
1,3,107,145,100,-5,28,1,Baixio,intermediaria,
1,5,199,245,110,-5,49.1,1,Baixio,dominante,
1,3,111,145,110,-5,52,1,Baixio,dominante,
2,1,6,45,116,-5,19.8,0,Terra Firme,suprimida,
1,5,196,245,120,-5,24.6,1,Baixio,co-dominante,
3,4,402,195,123,-5,37.7,1,Baixio,co-dominante,
4,2,21,95,135,-5,15.9,0,Terra Firme,intermediaria,
1,1,30,45,135,-5,24.2,0,Terra Firme,suprimida,
3,1,20,45,140,-5,17.3,1,Terra Firme,co-dominante,suprimida por cípo
3,1,22,45,158,-5,10.8,0,Baixio,intermediaria,
3,3,388,145,160,-5,27.8,1,Baixio,co-dominante,cípo
3,4,184,195,161,-5,43.4,1,Baixio,co-dominante,
3,3,121,145,173,-5,27.2,1,Baixio,co-dominante,
2,6,170,295,210,-5,15,0,Terra Firme,co-dominante,A 166
3,3,111,145,212,-5,14.9,0,Baixio,suprimida,
1,4,376,195,213,-5,15.5,0,Baixio,intermediaria,
1,4,161,195,220,-5,11,0,Baixio,suprimida,
2,7,214,345,220,-5,39.2,1,Transição,dominante,
1,7,288,345,225,-5,14.9,0,Baixio,intermediaria,*
2,4,97,195,240,-5,19.8,0,Baixio,intermediaria,
1,3,129,145,240,-5,28,1,Baixio,co-dominante,
2,5,136,245,240,-5,58.7,1,Terra Firme,dominante,intermediaria por cípos
3,3,106,145,242,-5,29.1,1,Baixio,co-dominante,
1,2,68,95,243,-5,10,0,Terra Firme,suprimida,
1,7,289,345,244,-5,23.9,1,Baixio,co-dominante,*
3,7,317,345,250,-5,20,0,Transição,suprimida,cípo
3,5,235,245,251,-5,15.6,0,Terra Firme,intermediaria,
1,8,324,395,255,-5,22.2,0,Baixio,intermediaria,** suprimida por cípo
1,7,291,345,256,-5,23.3,1,Baixio,co-dominante,*
4,8,163,395,260,-5,13.5,0,Transição,suprimida,
2,6,163,295,260,-5,19.5,1,Terra Firme,co-dominante,
3,1,35,45,270,-5,21,1,Baixio,co-dominante,
3,5,230,245,278,-5,21.1,0,Terra Firme,intermediaria,
4,4,67,195,280,-5,18.3,0,Terra Firme,suprimida,
3,1,38,45,280,-5,26.7,1,Baixio,co-dominante,suprimida por cípo
2,8,251,395,280,-5,43.5,1,Baixio,dominante,
3,5,229,245,282,-5,27,1,Terra Firme,co-dominante,
3,4,201,195,284,-5,20.9,0,Terra Firme,suprimida,
2,8,243,395,298,-5,11.2,0,Baixio,intermediaria,
2,1,17,45,300,-5,44,1,Terra Firme,intermediaria,
4,5,100,245,310,-5,24.2,1,Terra Firme,intermediaria,
1,4,153,195,320,-5,31,1,Baixio,co-dominante,suprimida por cípo
4,6,119,295,325,-5,39.1,1,Baixio,co-dominante,
4,4,83,195,337,-5,16,0,Transição,suprimida,
4,7,142,345,355,-5,24.4,1,Baixio,intermediaria,30% luz
1,4,148,195,360,-5,21.4,0,Baixio,suprimida,
4,8,153,395,360,-5,42,1,Baixio,co-dominante,suprimida por cípos
1,3,360,145,363,-5,14.8,0,Transição,intermediaria,
4,8,151,395,370,-5,10.9,0,Baixio,suprimida,10% luz
2,6,153,295,370,-5,18.4,0,Terra Firme,dominante,
1,5,227,245,380,-5,15,0,Baixio,intermediaria,
4,7,146,345,380,-5,68.5,1,Baixio,co-dominante,formigas sauvas na árvore
2,5,270,245,385,-5,17.3,0,Terra Firme,co-dominante,
1,2,388,95,385,-5,42.3,1,Baixio,co-dominante,suprimida por cípo
3,5,218,245,388,-5,29,1,Baixio,co-dominante,
3,7,308,345,398,-5,19,1,Terra Firme,co-dominante,
3,5,273,246,15,-4,19.2,0,Baixio,co-dominante,
3,3,145,146,78,-4,32,1,Baixio,co-dominante,
3,3,136,146,84,-4,15.7,0,Baixio,suprimida,
3,6,290,296,90,-4,14.3,0,Baixio,suprimida,quebrou galhou/já produziu muito
2,4,110,196,120,-4,24.7,1,Terra Firme,co-dominante,
3,5,249,246,172,-4,37.6,1,Transição,co-dominante,suprimida por cípo
4,2,22,96,177,-4,24,1,Terra Firme,co-dominante,
1,6,257,296,180,-4,43.3,1,Baixio,dominante,
1,1,37,46,223,-4,21.2,0,Terra Firme,intermediaria,suprimida por cípo
3,5,236,246,230,-4,31.4,1,Baixio,intermediaria,
1,8,311,396,230,-4,31.4,1,Terra Firme,co-dominante,**
1,3,128,146,230,-4,49,1,Baixio,co-dominante,cípo
4,1,7,46,248,-4,30.7,1,Terra Firme,co-dominante,
3,4,320,196,260,-4,35.1,1,Baixio,co-dominante,
4,8,165,396,264,-4,57.5,1,Transição,dominante,está produzindo muito
2,7,216,346,270,-4,20.2,0,Baixio,intermediaria,cípo
4,6,118,296,280,-4,12.3,0,Terra Firme,intermediaria,suprimida por cípos
4,7,133,346,284,-4,12.4,0,Transição,suprimida,10% luz
4,8,157,396,300,-4,11,0,Baixio,co-dominante,suprimida por cípos e taboca
4,8,155,396,310,-4,11.6,0,Baixio,suprimida,
4,5,93,246,370,-4,50.8,1,Baixio,dominante,
2,2,27,96,377,-4,26.2,0,Terra Firme,intermediaria,
3,2,89,96,400,-4,36.1,1,Terra Firme,intermediaria,
1,1,1,47,18,-3,21,0,Baixio,co-dominante,
2,5,127,247,32,-3,14.2,0,Terra Firme,intermediaria,
3,5,272,247,48,-3,27.2,1,Terra Firme,intermediaria,suprimida por cípo
2,7,203,347,50,-3,24.7,0,Terra Firme,intermediaria,
1,1,10,47,50,-3,24.8,0,Baixio,intermediaria,
"4,7,129,347,50,-3,41.8,1,Terra Firme,co-dominante,""1 árvore ao lado, quase dominante"""
3,1,16,47,70,-3,27,1,Baixio,co-dominante,
2,3,58,147,90,-3,19.7,0,Terra Firme,suprimida,cípo
3,3,124,147,120,-3,12.6,0,Baixio,suprimida,
3,4,401,197,120,-3,23.2,1,Baixio,co-dominante,
1,3,116,147,135,-3,26.5,1,Baixio,co-dominante,
1,3,117,147,139,-3,28.5,1,Baixio,co-dominante,
3,5,256,247,153,-3,20.4,0,Terra Firme,intermediaria,cípo
3,1,21,47,155,-3,12.8,0,Baixio,suprimida,
3,3,123,147,170,-3,23.8,1,Baixio,co-dominante,suprimida por cípo
1,7,283,347,173,-3,36,1,Baixio,intermediaria,*
3,5,246,247,185,-3,10.2,0,Baixio,suprimida,
2,5,134,247,190,-3,10.9,0,Terra Firme,intermediaria,
1,2,74,97,194,-3,36,1,Terra Firme,co-dominante,
1,6,256,297,200,-3,44,1,Baixio,co-dominante,
4,8,172,397,200,-3,48,1,Terra Firme,co-dominante,
3,4,193,197,216,-3,11.8,0,Baixio,co-dominante,
1,7,381,347,235,-3,19.5,0,Baixio,co-dominante,
3,3,105,147,255,-3,15.8,0,Baixio,suprimida,
3,3,104,147,260,-3,27.4,1,Baixio,suprimida,
4,5,105,247,270,-3,13.1,0,Terra Firme,intermediaria,
1,6,255,297,270,-3,35,1,Baixio,suprimida,
3,8,373,397,298,-3,31.7,1,Terra Firme,co-dominante,suprimida por cípo
3,2,78,97,314,-3,13.1,0,Baixio,intermediaria,ilha
3,1,39,47,320,-3,30.5,1,Baixio,co-dominante,suprimida por cípo
4,5,95,247,355,-3,12.8,0,Baixio,intermediaria,
3,4,396,197,360,-3,11.9,0,Baixio,suprimida,
4,1,14,47,362,-3,13.2,0,Terra Firme,intermediaria,
4,5,94,247,380,-3,25.8,1,Baixio,co-dominante,
1,5,229,247,390,-3,30,1,Baixio,co-dominante,
2,5,123,248,4,-2,18.5,0,Terra Firme,co-dominante,cípo
1,4,172,198,5,-2,32,1,Baixio,co-dominante,
2,6,197,298,6,-2,11.6,0,Terra Firme,intermediaria,fora da parcela?
1,2,86,98,30,-2,12,0,Baixio,intermediaria,
4,2,20,98,30,-2,35.9,1,Terra Firme,intermediaria,
1,4,184,198,50,-2,32.5,1,Baixio,co-dominante,suprimida por cípo
1,1,11,48,55,-2,19.8,0,Baixio,intermediaria,
1,1,12,48,58,-2,20.5,0,Baixio,intermediaria,
3,4,170,198,75,-2,38.5,1,Baixio,co-dominante,suprimida por cípo
2,3,63,148,104,-2,21.7,1,Terra Firme,intermediaria,
1,2,393,98,105,-2,25.5,1,Terra Firme,co-dominante,suprimida por cípo
2,4,111,198,105,-2,30.9,1,Terra Firme,co-dominante,
"1,2,115,98,135,-2,55,0,Baixio,co-dominante,""cípo, morrendo"""
3,2,67,98,154,-2,10.5,0,Terra Firme,suprimida,
3,4,183,198,167,-2,15.7,0,Baixio,intermediaria,
3,3,122,148,175,-2,22.1,1,Baixio,co-dominante,
1,2,73,98,194,-2,13.2,0,Terra Firme,suprimida,
3,7,333,348,194,-2,14,0,Transição,suprimida,
1,7,284,348,195,-2,23.2,1,Baixio,intermediaria,*
1,4,413,198,195,-2,35.3,1,Baixio,co-dominante,suprimida por cípo
4,2,25,98,230,-2,14.3,0,Terra Firme,suprimida,
3,8,366,398,241,-2,25,0,Transição,co-dominante,suprimida por cípo
4,5,189,248,262,-2,12.4,0,Terra Firme,co-dominante,
4,7,135,348,290,-2,18.2,0,Baixio,intermediaria,20% luz
2,7,219,348,297,-2,20.2,0,Baixio,co-dominante,cípo
1,5,216,248,318,-2,41,1,Baixio,co-dominante,
1,4,152,198,326,-2,42.3,1,Baixio,co-dominante,suprimida por cípo
3,4,210,198,345,-2,32,1,Baixio,intermediaria,
1,8,339,398,349,-2,18.3,0,Baixio,intermediaria,** clareira
2,7,225,348,364,-2,16,0,Baixio,intermediaria,
1,3,420,148,370,-2,14.2,0,Terra Firme,intermediaria,suprimida por cípo
1,4,149,198,370,-2,20,0,Transição,intermediaria,suprimida por cípo
4,3,50,148,370,-2,31.6,1,Terra Firme,co-dominante,suprimida por cípos
3,1,44,48,378,-2,16.3,0,Terra Firme,suprimida,
2,7,266,348,380,-2,13.2,0,Baixio,dominante,
4,6,126,298,380,-2,13.8,0,Baixio,co-dominante,
4,3,49,148,398,-2,26.7,1,Terra Firme,co-dominante,suprimida por cípos
1,3,90,149,3,-1,17,0,Baixio,intermediaria,
2,5,125,249,19,-1,30.8,1,Terra Firme,co-dominante,
2,1,3,49,29,-1,28,1,Terra Firme,intermediaria,
1,3,98,149,30,-1,12,0,Baixio,suprimida,
2,1,4,49,49,-1,49,1,Terra Firme,co-dominante,
1,2,85,99,50,-1,29,1,Baixio,co-dominante,
2,6,183,299,87,-1,31,1,Terra Firme,co-dominante,suprimida por cípos
1,5,201,249,105,-1,30.6,1,Baixio,co-dominante,
1,5,197,249,130,-1,14.2,0,Baixio,intermediaria,
1,3,118,149,141,-1,11.9,0,Baixio,intermediaria,
2,7,211,349,168,-1,15,0,Terra Firme,suprimida,cípo
4,6,187,299,220,-1,12,0,Terra Firme,intermediaria,
1,3,130,149,240,-1,24,1,Baixio,co-dominante,
1,2,69,99,242,-1,28,1,Terra Firme,co-dominante,suprimida por cípo
1,7,290,349,260,-1,25.2,1,Baixio,co-dominante,*
3,1,33,49,260,-1,33.4,1,Baixio,co-dominante,quase dominante
4,6,117,299,277,-1,76,1,Baixio,dominante,
3,7,316,349,284,-1,15.9,0,Terra Firme,suprimida,cípo
2,6,164,299,298,-1,27.3,1,Terra Firme,co-dominante,
1,7,380,349,307,-1,20.4,0,Baixio,co-dominante,suprimida por cípo
2,1,19,49,323,-1,23.1,0,Terra Firme,intermediaria,
2,2,33,99,335,-1,12.2,0,Terra Firme,suprimida,
1,6,379,299,355,-1,17,0,Baixio,intermediaria,quebrada e rebrotando
3,5,410,249,390,-1,12.5,0,Baixio,co-dominante,rebrotando
1,5,228,249,395,-1,18,1,Baixio,intermediaria,
1,3,91,150,15,0,22,1,Baixio,co-dominante,
3,7,345,350,29,0,11.9,0,Terra Firme,intermediaria,
2,3,261,150,48,0,17.4,0,Terra Firme,suprimida,tronco rebrotou
3,2,384,100,63,0,33.5,1,Baixio,co-dominante,
3,3,146,150,77,0,25.5,1,Baixio,co-dominante,
4,6,110,300,80,0,63.3,1,Terra Firme,dominante,
3,3,134,150,87,0,32.7,1,Baixio,co-dominante,suprimida por cípo
3,2,385,100,90,0,21.5,0,Baixio,intermediaria,
3,3,135,150,100,0,14.7,0,Baixio,suprimida,
1,5,198,250,110,0,11.1,0,Baixio,intermediaria,
3,2,60,100,136,0,18.2,0,Terra Firme,co-dominante,suprimida por cípo
3,8,349,400,153,0,10,0,Terra Firme,co-dominante,
2,7,210,350,165,0,11.1,0,Terra Firme,suprimida,cípo
"3,3,112,150,194,0,32.4,1,Baixio,co-dominante,""medido em cima/cupim/doente, suprimida por cípo"""
2,8,277,400,220,0,12.5,0,Transição,intermediaria,
3,4,194,200,222,0,56.5,1,Baixio,dominante,
4,8,164,400,260,0,12.7,0,Transição,suprimida,
4,7,137,350,340,0,10.3,0,Baixio,suprimida,10% luz
1,4,151,200,340,0,23.8,0,Baixio,intermediaria,
1,6,424,300,400,0,13.3,0,Baixio,intermediaria,
